sku_id,category,week_start,demand_units,ratio_to_trend,anomaly_type,anomaly_score
SKU0030,Electronics & Appliances,2025-09-30,171,2.240174672489083,DEMAND SPIKE,-0.2313781204424058
SKU0026,Electronics & Appliances,2025-09-30,127,2.458064516129032,DEMAND SPIKE,-0.22975803879167078
SKU0115,Beauty & Personal Care,2025-09-30,537,2.2144329896907218,DEMAND SPIKE,-0.22360409392540503
SKU0019,Mobiles & Accessories,2025-09-30,203,2.1945945945945944,DEMAND SPIKE,-0.21166751721335142
SKU0015,Mobiles & Accessories,2025-09-30,773,2.189801699716714,DEMAND SPIKE,-0.21100985790083582
SKU0016,Mobiles & Accessories,2025-09-30,214,2.1616161616161618,DEMAND SPIKE,-0.20840199688444971
SKU0014,Mobiles & Accessories,2025-09-30,409,2.2701202590194267,DEMAND SPIKE,-0.20257547211560123
SKU0127,Beauty & Personal Care,2025-09-30,627,2.2313167259786475,DEMAND SPIKE,-0.2019918329228585
SKU0117,Beauty & Personal Care,2025-09-30,496,2.2292134831460673,DEMAND SPIKE,-0.20094576776710116
SKU0055,Fashion & Apparel,2025-09-30,390,2.193064667291471,DEMAND SPIKE,-0.19937931810684273
SKU0036,Electronics & Appliances,2025-09-30,224,2.123222748815166,DEMAND SPIKE,-0.19791336810651705
SKU0033,Electronics & Appliances,2025-09-30,139,2.1550387596899223,DEMAND SPIKE,-0.19780832189105846
SKU0006,Mobiles & Accessories,2025-09-30,438,2.2577319587628866,DEMAND SPIKE,-0.1976505344598568
SKU0078,Home & Kitchen,2025-12-30,17,0.3138461538461539,DEMAND DROP,-0.19707339551997838
SKU0052,Fashion & Apparel,2025-09-30,1011,2.1641098822689973,DEMAND SPIKE,-0.1957154783295484
SKU0070,Fashion & Apparel,2025-09-30,590,2.177121771217712,DEMAND SPIKE,-0.1954347312631134
SKU0001,Mobiles & Accessories,2025-09-30,804,2.1392461197339245,DEMAND SPIKE,-0.19339336935416185
SKU0079,Home & Kitchen,2025-09-30,189,2.2455445544554453,DEMAND SPIKE,-0.19231974081969738
SKU0091,Home & Kitchen,2025-09-30,156,2.3054187192118225,DEMAND SPIKE,-0.19164583501719268
SKU0126,Beauty & Personal Care,2025-09-30,827,2.157391304347826,DEMAND SPIKE,-0.19138771859545267
SKU0083,Home & Kitchen,2025-09-30,765,2.2195357833655707,DEMAND SPIKE,-0.19136889575431681
SKU0096,Home & Kitchen,2025-09-30,608,2.1209302325581394,DEMAND SPIKE,-0.19114124456678339
SKU0045,Fashion & Apparel,2025-09-30,1136,2.1481248030255276,DEMAND SPIKE,-0.1909382478837568
SKU0109,Beauty & Personal Care,2025-09-30,938,2.1864801864801864,DEMAND SPIKE,-0.19086271372201624
SKU0028,Electronics & Appliances,2025-09-30,471,2.2129992169146435,DEMAND SPIKE,-0.19027565926819612
SKU0046,Fashion & Apparel,2025-09-30,1022,2.20972972972973,DEMAND SPIKE,-0.1896486745868312
SKU0081,Home & Kitchen,2025-09-30,724,2.1399014778325123,DEMAND SPIKE,-0.1881450931550116
SKU0120,Beauty & Personal Care,2025-09-30,712,2.107548100641342,DEMAND SPIKE,-0.1880477892550796
SKU0042,Fashion & Apparel,2025-09-30,415,2.1521175453759724,DEMAND SPIKE,-0.18775756359156048
SKU0024,Electronics & Appliances,2025-09-30,168,2.13107822410148,DEMAND SPIKE,-0.1877449149851701
SKU0097,Home & Kitchen,2025-09-30,131,2.0904255319148937,DEMAND SPIKE,-0.1871586407904705
SKU0112,Beauty & Personal Care,2025-09-30,431,2.238961038961039,DEMAND SPIKE,-0.1870671096742086
SKU0090,Home & Kitchen,2025-09-30,261,2.181058495821727,DEMAND SPIKE,-0.18694536960454933
SKU0010,Mobiles & Accessories,2025-09-30,412,2.1627296587926508,DEMAND SPIKE,-0.18667719705030617
SKU0031,Electronics & Appliances,2025-09-30,338,2.1392405063291138,DEMAND SPIKE,-0.18598760340104248
SKU0047,Fashion & Apparel,2025-09-30,591,2.115751789976134,DEMAND SPIKE,-0.18589720287039313
SKU0108,Beauty & Personal Care,2025-12-30,184,0.43774781919111816,DEMAND DROP,-0.1844408494534565
SKU0048,Fashion & Apparel,2025-09-30,916,2.161226897365317,DEMAND SPIKE,-0.18425992651377687
SKU0039,Electronics & Appliances,2025-09-30,258,2.2933333333333334,DEMAND SPIKE,-0.18421667809932052
SKU0074,Fashion & Apparel,2025-09-30,251,2.288753799392097,DEMAND SPIKE,-0.1840830145038389
SKU0085,Home & Kitchen,2025-09-30,409,2.2472527472527473,DEMAND SPIKE,-0.1836692292010299
SKU0108,Beauty & Personal Care,2025-09-30,1107,2.164928292046936,DEMAND SPIKE,-0.18339615247576568
SKU0124,Beauty & Personal Care,2025-12-30,193,0.44114285714285717,DEMAND DROP,-0.1833195220398025
SKU0023,Electronics & Appliances,2025-12-30,41,0.4093178036605657,DEMAND DROP,-0.18317571997606208
SKU0026,Electronics & Appliances,2025-12-30,17,0.35664335664335667,DEMAND DROP,-0.182897230906078
SKU0072,Fashion & Apparel,2025-09-30,1115,2.1476725521669344,DEMAND SPIKE,-0.18022894881574691
SKU0101,Home & Kitchen,2025-09-30,620,2.0875420875420874,DEMAND SPIKE,-0.18001199066162465
SKU0078,Home & Kitchen,2025-09-30,150,2.2443890274314215,DEMAND SPIKE,-0.17947434781292226
SKU0124,Beauty & Personal Care,2025-09-30,1139,2.15244094488189,DEMAND SPIKE,-0.17939085380487962
SKU0076,Home & Kitchen,2025-09-30,666,2.1053740779768177,DEMAND SPIKE,-0.17938879092007098
SKU0047,Fashion & Apparel,2025-12-30,97,0.42481751824817515,DEMAND DROP,-0.17891298641912423
SKU0019,Mobiles & Accessories,2025-12-30,34,0.40396039603960393,DEMAND DROP,-0.17867743591083451
SKU0072,Fashion & Apparel,2025-12-30,178,0.42313787638668776,DEMAND DROP,-0.17852292961552185
SKU0009,Mobiles & Accessories,2025-09-30,207,2.06312292358804,DEMAND SPIKE,-0.1783787655407718
SKU0092,Home & Kitchen,2025-09-30,465,2.183098591549296,DEMAND SPIKE,-0.1774145670132079
SKU0097,Home & Kitchen,2025-12-30,21,0.39009287925696595,DEMAND DROP,-0.17718189749148272
SKU0020,Mobiles & Accessories,2025-09-30,728,2.1453831041257367,DEMAND SPIKE,-0.17625754724427567
SKU0133,Grocery & Essentials,2025-09-30,666,2.183606557377049,DEMAND SPIKE,-0.17574596006661947
SKU0003,Mobiles & Accessories,2025-09-30,847,2.1876883340507964,DEMAND SPIKE,-0.17542645505483268
SKU0120,Beauty & Personal Care,2025-12-30,113,0.41115827774408736,DEMAND DROP,-0.17522129190339364
SKU0134,Grocery & Essentials,2025-12-30,216,0.4265964450296248,DEMAND DROP,-0.17499404140814623
SKU0060,Fashion & Apparel,2025-09-30,919,2.175147928994083,DEMAND SPIKE,-0.17442424287700087
SKU0130,Beauty & Personal Care,2025-09-30,661,2.2521294718909712,DEMAND SPIKE,-0.17434492299361326
SKU0131,Grocery & Essentials,2025-09-30,1185,2.217025257249766,DEMAND SPIKE,-0.17426482383896236
SKU0052,Fashion & Apparel,2025-12-30,154,0.4029655473179241,DEMAND DROP,-0.17404895886996885
SKU0023,Electronics & Appliances,2025-09-30,284,2.1846153846153844,DEMAND SPIKE,-0.1737762101861008
SKU0118,Beauty & Personal Care,2025-12-30,161,0.4451612903225806,DEMAND DROP,-0.1736127187226626
SKU0129,Beauty & Personal Care,2025-09-30,1063,2.151821862348178,DEMAND SPIKE,-0.1728436911502923
SKU0011,Mobiles & Accessories,2025-09-30,326,2.2051860202931226,DEMAND SPIKE,-0.1727033233698566
SKU0049,Fashion & Apparel,2025-09-30,1191,2.145945945945946,DEMAND SPIKE,-0.17253577001408704
SKU0075,Fashion & Apparel,2025-09-30,1020,2.207792207792208,DEMAND SPIKE,-0.17226391625098958
SKU0069,Fashion & Apparel,2025-12-30,119,0.43830570902394106,DEMAND DROP,-0.17197182776632625
SKU0064,Fashion & Apparel,2025-09-30,375,2.14081826831589,DEMAND SPIKE,-0.171089384033276
SKU0134,Grocery & Essentials,2025-09-30,1346,2.140471773124834,DEMAND SPIKE,-0.17081577030413153
SKU0069,Fashion & Apparel,2025-09-30,721,2.1226692836113834,DEMAND SPIKE,-0.17069569715608912
SKU0105,Home & Kitchen,2025-09-30,552,2.167539267015707,DEMAND SPIKE,-0.1705657929715313
SKU0094,Home & Kitchen,2025-09-30,494,2.2069992553983617,DEMAND SPIKE,-0.17044698301314265
SKU0018,Mobiles & Accessories,2025-09-30,545,2.124756335282651,DEMAND SPIKE,-0.17031062480383308
SKU0123,Beauty & Personal Care,2024-10-01,313,2.2224852071005916,DEMAND SPIKE,-0.17016848597108203
SKU0089,Home & Kitchen,2025-09-30,636,2.1669505962521294,DEMAND SPIKE,-0.16934120342674075
SKU0086,Home & Kitchen,2025-09-30,415,2.039312039312039,DEMAND SPIKE,-0.16920170941745005
SKU0106,Beauty & Personal Care,2025-09-30,638,2.2101616628175518,DEMAND SPIKE,-0.1687156523593225
SKU0035,Electronics & Appliances,2024-10-01,79,2.135135135135135,DEMAND SPIKE,-0.1685159833977995
SKU0142,Grocery & Essentials,2025-09-30,1538,2.162136832239925,DEMAND SPIKE,-0.16820715646304385
SKU0091,Home & Kitchen,2025-12-30,17,0.34,DEMAND DROP,-0.16761779650673303
SKU0128,Beauty & Personal Care,2025-09-30,1094,2.0971246006389777,DEMAND SPIKE,-0.16741625647405123
SKU0132,Grocery & Essentials,2025-09-30,501,2.145610278372591,DEMAND SPIKE,-0.167415038097534
SKU0103,Home & Kitchen,2024-10-01,191,2.166351606805293,DEMAND SPIKE,-0.167398844316078
SKU0021,Electronics & Appliances,2025-12-30,26,0.3270440251572327,DEMAND DROP,-0.1673198681213881
SKU0056,Fashion & Apparel,2025-12-30,81,0.40601503759398494,DEMAND DROP,-0.16709136469748376
SKU0118,Beauty & Personal Care,2025-09-30,921,2.0790067720090293,DEMAND SPIKE,-0.16671557942880444
SKU0007,Mobiles & Accessories,2025-12-30,121,0.4186851211072664,DEMAND DROP,-0.16663943153773786
SKU0104,Home & Kitchen,2025-09-30,607,2.190018039687312,DEMAND SPIKE,-0.16630829245209666
SKU0016,Mobiles & Accessories,2024-10-01,181,1.9853747714808043,DEMAND SPIKE,-0.16624994884022692
SKU0071,Fashion & Apparel,2025-09-30,979,2.1430134987230938,DEMAND SPIKE,-0.16609848957540663
SKU0053,Fashion & Apparel,2025-09-30,1043,2.2019704433497536,DEMAND SPIKE,-0.1658079589244872
SKU0084,Home & Kitchen,2025-12-30,40,0.31537450722733246,DEMAND DROP,-0.16439093765077928
SKU0089,Home & Kitchen,2025-12-30,97,0.4030470914127424,DEMAND DROP,-0.16384897551958022
SKU0145,Grocery & Essentials,2025-09-30,971,2.102490075784915,DEMAND SPIKE,-0.16330344440355993
SKU0007,Mobiles & Accessories,2025-09-30,788,2.085575650639612,DEMAND SPIKE,-0.16313540630040013
SKU0117,Beauty & Personal Care,2025-12-30,78,0.4273972602739726,DEMAND DROP,-0.1630967891787145
SKU0113,Beauty & Personal Care,2025-12-30,75,0.42016806722689076,DEMAND DROP,-0.16281746007021214
SKU0137,Grocery & Essentials,2025-09-30,1937,2.153817642698295,DEMAND SPIKE,-0.1627784724944603
SKU0050,Fashion & Apparel,2025-09-30,1186,2.1648919987830846,DEMAND SPIKE,-0.162432757484558
SKU0015,Mobiles & Accessories,2025-12-30,132,0.4703087885985748,DEMAND DROP,-0.16169578106315563
SKU0066,Fashion & Apparel,2025-09-30,1355,2.0980645161290323,DEMAND SPIKE,-0.16168746502583664
SKU0107,Beauty & Personal Care,2025-09-30,1064,2.128,DEMAND SPIKE,-0.16157982435940688
SKU0119,Beauty & Personal Care,2025-09-30,604,2.152019002375297,DEMAND SPIKE,-0.1615575513771833
SKU0008,Mobiles & Accessories,2025-09-30,686,2.138181818181818,DEMAND SPIKE,-0.16137097922421062
SKU0001,Mobiles & Accessories,2025-12-30,127,0.40705128205128205,DEMAND DROP,-0.16119827585118307
SKU0051,Fashion & Apparel,2025-09-30,1372,2.0714645193759433,DEMAND SPIKE,-0.16117338487993949
SKU0071,Fashion & Apparel,2025-12-30,164,0.4410578216046616,DEMAND DROP,-0.16039145404258015
SKU0057,Fashion & Apparel,2025-09-30,429,2.0625,DEMAND SPIKE,-0.16016757619654465
SKU0144,Grocery & Essentials,2025-09-30,1137,2.064145234493192,DEMAND SPIKE,-0.16014257873751858
SKU0029,Electronics & Appliances,2024-10-01,258,2.0750670241286864,DEMAND SPIKE,-0.15972328111774048
SKU0070,Fashion & Apparel,2025-12-30,87,0.41693290734824284,DEMAND DROP,-0.15972309110140603
SKU0149,Grocery & Essentials,2025-09-30,1200,2.121390689451974,DEMAND SPIKE,-0.1592298976149239
SKU0024,Electronics & Appliances,2025-12-30,22,0.3893805309734513,DEMAND DROP,-0.1592073183385745
SKU0095,Home & Kitchen,2025-12-30,50,0.43478260869565216,DEMAND DROP,-0.15910115935168212
SKU0144,Grocery & Essentials,2025-12-30,208,0.46342369105087267,DEMAND DROP,-0.15907838636849092
SKU0048,Fashion & Apparel,2025-12-30,147,0.4452296819787986,DEMAND DROP,-0.15889300406790252
SKU0036,Electronics & Appliances,2025-12-30,40,0.4519774011299435,DEMAND DROP,-0.15851714508209291
SKU0023,Electronics & Appliances,2024-10-01,235,2.1107784431137726,DEMAND SPIKE,-0.15839477551615233
SKU0063,Fashion & Apparel,2025-09-30,1260,2.1337849280270955,DEMAND SPIKE,-0.15810859476310524
SKU0056,Fashion & Apparel,2025-09-30,521,2.105050505050505,DEMAND SPIKE,-0.15746121305467586
SKU0059,Fashion & Apparel,2025-09-30,810,2.102076124567474,DEMAND SPIKE,-0.1573645959533212
SKU0140,Grocery & Essentials,2025-09-30,1769,2.1803615447822513,DEMAND SPIKE,-0.1569867254889067
SKU0129,Beauty & Personal Care,2025-12-30,184,0.4462409054163298,DEMAND DROP,-0.15660425607148032
SKU0057,Fashion & Apparel,2025-12-30,69,0.4190283400809717,DEMAND DROP,-0.15628319800360635
SKU0138,Grocery & Essentials,2025-09-30,1471,2.1329144514258096,DEMAND SPIKE,-0.15616409695659816
SKU0115,Beauty & Personal Care,2025-12-30,99,0.4888888888888889,DEMAND DROP,-0.15614869959237876
SKU0005,Mobiles & Accessories,2025-12-30,56,0.4318766066838047,DEMAND DROP,-0.1557767707429385
SKU0073,Fashion & Apparel,2025-12-30,125,0.4120879120879121,DEMAND DROP,-0.15570528472526146
SKU0072,Fashion & Apparel,2024-10-01,967,2.0538053097345133,DEMAND SPIKE,-0.15530718376704622
SKU0098,Home & Kitchen,2025-09-30,743,2.174634146341463,DEMAND SPIKE,-0.1546361151543474
SKU0055,Fashion & Apparel,2025-12-30,58,0.4223300970873786,DEMAND DROP,-0.15438997065856108
SKU0105,Home & Kitchen,2025-12-30,83,0.42346938775510207,DEMAND DROP,-0.1542782770996466
SKU0135,Grocery & Essentials,2025-12-30,284,0.448539089234009,DEMAND DROP,-0.1541565565927424
SKU0068,Fashion & Apparel,2025-09-30,1218,2.1854066985645932,DEMAND SPIKE,-0.15383384430910219
SKU0131,Grocery & Essentials,2025-12-30,195,0.4418429003021148,DEMAND DROP,-0.1535780546961214
SKU0148,Grocery & Essentials,2025-12-30,312,0.45447924253459576,DEMAND DROP,-0.15341257232950734
SKU0150,Grocery & Essentials,2025-09-30,751,2.132513014671084,DEMAND SPIKE,-0.1529564491575658
SKU0142,Grocery & Essentials,2025-12-30,297,0.4986010072747622,DEMAND DROP,-0.1528748930808912
SKU0150,Grocery & Essentials,2025-12-30,121,0.4308605341246291,DEMAND DROP,-0.15263538023932555
SKU0045,Fashion & Apparel,2024-10-01,961,2.010460251046025,DEMAND SPIKE,-0.15215399786894068
SKU0149,Grocery & Essentials,2025-12-30,211,0.45490477901545096,DEMAND DROP,-0.15215205608624094
SKU0037,Electronics & Appliances,2025-09-30,389,2.0895255147717102,DEMAND SPIKE,-0.1515067265377973
SKU0125,Beauty & Personal Care,2025-09-30,545,2.1727574750830563,DEMAND SPIKE,-0.15143421839748916
SKU0058,Fashion & Apparel,2025-09-30,919,2.1322505800464038,DEMAND SPIKE,-0.15138241449628598
SKU0026,Electronics & Appliances,2024-10-01,99,2.020408163265306,DEMAND SPIKE,-0.1513425036482271
SKU0041,Fashion & Apparel,2025-09-30,845,2.110741049125729,DEMAND SPIKE,-0.15130743540387825
SKU0119,Beauty & Personal Care,2025-12-30,105,0.43568464730290457,DEMAND DROP,-0.1510086206570882
SKU0140,Grocery & Essentials,2025-12-30,289,0.439209726443769,DEMAND DROP,-0.1509553443594247
SKU0139,Grocery & Essentials,2025-12-30,341,0.4762569832402235,DEMAND DROP,-0.15071150318240445
SKU0043,Fashion & Apparel,2025-09-30,1336,2.13703012529992,DEMAND SPIKE,-0.15019708581762015
SKU0141,Grocery & Essentials,2025-12-30,337,0.4561245206406496,DEMAND DROP,-0.15014841651081978
SKU0138,Grocery & Essentials,2025-12-30,271,0.4629840546697038,DEMAND DROP,-0.14956753093884934
SKU0054,Fashion & Apparel,2025-09-30,1243,2.178154205607477,DEMAND SPIKE,-0.14949421362017545
SKU0111,Beauty & Personal Care,2025-12-30,91,0.39651416122004357,DEMAND DROP,-0.14948934747281228
SKU0139,Grocery & Essentials,2025-09-30,1825,2.0829370363325093,DEMAND SPIKE,-0.14921125298189974
SKU0061,Fashion & Apparel,2025-09-30,706,2.152439024390244,DEMAND SPIKE,-0.14921013832596575
SKU0110,Beauty & Personal Care,2025-09-30,406,2.1,DEMAND SPIKE,-0.1491117937958678
SKU0099,Home & Kitchen,2024-10-01,385,2.088607594936709,DEMAND SPIKE,-0.14877316394408857
SKU0053,Fashion & Apparel,2025-12-30,167,0.43320363164721143,DEMAND DROP,-0.14842012055905118
SKU0128,Beauty & Personal Care,2025-12-30,203,0.4715447154471545,DEMAND DROP,-0.14800454502111116
SKU0108,Beauty & Personal Care,2024-10-01,923,2.054916512059369,DEMAND SPIKE,-0.147835088676462
SKU0012,Mobiles & Accessories,2025-09-30,305,2.056179775280899,DEMAND SPIKE,-0.14768350574288713
SKU0073,Fashion & Apparel,2025-09-30,839,2.0975,DEMAND SPIKE,-0.14725932301256717
SKU0049,Fashion & Apparel,2025-12-30,226,0.4867193108399139,DEMAND DROP,-0.14697773622259014
SKU0051,Fashion & Apparel,2025-12-30,263,0.49174197569336237,DEMAND DROP,-0.14667439049313524
SKU0146,Grocery & Essentials,2025-12-30,236,0.46778989098116946,DEMAND DROP,-0.1465168112598716
SKU0005,Mobiles & Accessories,2025-09-30,343,2.170886075949367,DEMAND SPIKE,-0.14617546732943243
SKU0029,Electronics & Appliances,2025-12-30,51,0.425,DEMAND DROP,-0.14589275487890563
SKU0142,Grocery & Essentials,2024-10-01,1343,2.066153846153846,DEMAND SPIKE,-0.14583686781898386
SKU0123,Beauty & Personal Care,2025-12-30,60,0.44554455445544555,DEMAND DROP,-0.14565789748882285
SKU0132,Grocery & Essentials,2025-12-30,85,0.43889845094664376,DEMAND DROP,-0.14543270486501358
SKU0084,Home & Kitchen,2025-09-30,324,2.0356020942408377,DEMAND SPIKE,-0.14541699897672478
SKU0091,Home & Kitchen,2024-10-01,119,2.1124260355029585,DEMAND SPIKE,-0.1450571240476144
SKU0008,Mobiles & Accessories,2025-12-30,129,0.49080532656943565,DEMAND DROP,-0.14493042139671242
SKU0109,Beauty & Personal Care,2025-12-30,165,0.47756874095513746,DEMAND DROP,-0.14490235556713105
SKU0011,Mobiles & Accessories,2024-10-01,286,2.1211372064276883,DEMAND SPIKE,-0.14486755733688483
SKU0012,Mobiles & Accessories,2025-12-30,45,0.38516405135520687,DEMAND DROP,-0.14481397793130957
SKU0066,Fashion & Apparel,2025-12-30,244,0.46329113924050636,DEMAND DROP,-0.14475351104628464
SKU0064,Fashion & Apparel,2025-12-30,60,0.42402826855123676,DEMAND DROP,-0.1445926237201267
SKU0113,Beauty & Personal Care,2025-09-30,448,2.0788863109048723,DEMAND SPIKE,-0.14456113302305584
SKU0043,Fashion & Apparel,2025-12-30,225,0.4413206930369402,DEMAND DROP,-0.14454103247135874
SKU0116,Beauty & Personal Care,2025-09-30,522,2.1452054794520548,DEMAND SPIKE,-0.14392437805063896
SKU0070,Fashion & Apparel,2024-10-01,493,1.9986486486486488,DEMAND SPIKE,-0.14389024328895705
SKU0086,Home & Kitchen,2025-12-30,77,0.45294117647058824,DEMAND DROP,-0.14376909156662143
SKU0077,Home & Kitchen,2025-09-30,818,2.1118760757314976,DEMAND SPIKE,-0.1437137410854884
SKU0147,Grocery & Essentials,2025-12-30,249,0.4316671482230569,DEMAND DROP,-0.14366042615069563
SKU0106,Beauty & Personal Care,2025-12-30,111,0.4667133847231955,DEMAND DROP,-0.1434086946002493
SKU0090,Home & Kitchen,2025-12-30,42,0.4329896907216495,DEMAND DROP,-0.1433174159986771
SKU0136,Grocery & Essentials,2025-09-30,1006,2.1595706618962436,DEMAND SPIKE,-0.14329149385976558
SKU0094,Home & Kitchen,2025-12-30,81,0.4466911764705882,DEMAND DROP,-0.14278342318111648
SKU0088,Home & Kitchen,2025-09-30,295,2.0228571428571427,DEMAND SPIKE,-0.14277395711506136
SKU0002,Mobiles & Accessories,2024-10-01,465,2.120060790273556,DEMAND SPIKE,-0.1424286594092543
SKU0121,Beauty & Personal Care,2025-09-30,703,2.1037406483790524,DEMAND SPIKE,-0.1421623711790755
SKU0146,Grocery & Essentials,2025-09-30,1339,2.100941422594142,DEMAND SPIKE,-0.1421130283454084
SKU0022,Electronics & Appliances,2025-09-30,131,2.0904255319148937,DEMAND SPIKE,-0.14201531786807697
SKU0080,Home & Kitchen,2025-12-30,104,0.47129909365558914,DEMAND DROP,-0.14195240345214688
SKU0069,Fashion & Apparel,2024-10-01,631,2.0202774813233724,DEMAND SPIKE,-0.1419156309637819
SKU0145,Grocery & Essentials,2025-12-30,181,0.47757255936675463,DEMAND DROP,-0.14166771768562858
SKU0078,Home & Kitchen,2024-01-16,92,2.1271676300578033,DEMAND SPIKE,-0.1413798903214014
SKU0063,Fashion & Apparel,2025-12-30,226,0.47478991596638653,DEMAND DROP,-0.1412406368158886
SKU0130,Beauty & Personal Care,2024-10-01,559,2.1295238095238096,DEMAND SPIKE,-0.14111650806031906
SKU0027,Electronics & Appliances,2024-10-01,108,2.0506329113924053,DEMAND SPIKE,-0.14070860615524106
SKU0009,Mobiles & Accessories,2025-12-30,35,0.46255506607929514,DEMAND DROP,-0.1406179069054373
SKU0034,Electronics & Appliances,2024-10-01,73,2.0956937799043063,DEMAND SPIKE,-0.14034634847147998
SKU0115,Beauty & Personal Care,2024-10-01,444,1.9573842762674503,DEMAND SPIKE,-0.1399103477676834
SKU0020,Mobiles & Accessories,2025-12-30,129,0.4588026081802015,DEMAND DROP,-0.1398014647876128
SKU0141,Grocery & Essentials,2025-09-30,2002,2.145,DEMAND SPIKE,-0.13979057795875882
SKU0059,Fashion & Apparel,2025-12-30,153,0.4919614147909968,DEMAND DROP,-0.139691666912238
SKU0031,Electronics & Appliances,2025-12-30,57,0.4659400544959128,DEMAND DROP,-0.13918482286874934
SKU0135,Grocery & Essentials,2025-09-30,1526,2.0616978158072508,DEMAND SPIKE,-0.13898121564336252
SKU0087,Home & Kitchen,2025-09-30,718,2.095330739299611,DEMAND SPIKE,-0.1387648121532793
SKU0081,Home & Kitchen,2025-12-30,134,0.49144254278728605,DEMAND DROP,-0.13820576009504548
SKU0137,Grocery & Essentials,2025-12-30,342,0.47910343217371,DEMAND DROP,-0.13818937174032975
SKU0099,Home & Kitchen,2025-12-30,68,0.4092276830491475,DEMAND DROP,-0.13782218816528202
SKU0078,Home & Kitchen,2024-10-01,123,1.887468030690537,DEMAND SPIKE,-0.13740259938405053
SKU0055,Fashion & Apparel,2024-10-01,322,1.9495459132189707,DEMAND SPIKE,-0.13714587419052204
SKU0093,Home & Kitchen,2025-09-30,255,2.059219380888291,DEMAND SPIKE,-0.13708982878994047
SKU0096,Home & Kitchen,2025-12-30,110,0.48034934497816595,DEMAND DROP,-0.13687763852744994
SKU0002,Mobiles & Accessories,2025-12-30,94,0.4883116883116883,DEMAND DROP,-0.13680899879423136
SKU0126,Beauty & Personal Care,2024-10-01,702,1.9886685552407932,DEMAND SPIKE,-0.1367583011709409
SKU0044,Fashion & Apparel,2025-09-30,329,2.039256198347107,DEMAND SPIKE,-0.13667052867015184
SKU0006,Mobiles & Accessories,2025-12-30,74,0.4805194805194805,DEMAND DROP,-0.13616063190453298
SKU0065,Fashion & Apparel,2025-09-30,268,2.199726402188783,DEMAND SPIKE,-0.13615572979838353
SKU0006,Mobiles & Accessories,2024-10-01,371,1.9964125560538115,DEMAND SPIKE,-0.13612333568581714
SKU0067,Fashion & Apparel,2025-09-30,461,2.078136739293764,DEMAND SPIKE,-0.13610885147226703
SKU0080,Home & Kitchen,2024-10-01,537,2.1155613919894942,DEMAND SPIKE,-0.13557157431684774
SKU0093,Home & Kitchen,2024-10-01,233,2.0558823529411767,DEMAND SPIKE,-0.13553315312215874
SKU0068,Fashion & Apparel,2025-12-30,214,0.45291005291005293,DEMAND DROP,-0.13553003370722683
SKU0031,Electronics & Appliances,2024-10-01,271,1.9543269230769231,DEMAND SPIKE,-0.1354751903506335
SKU0036,Electronics & Appliances,2024-10-01,186,1.9544658493870402,DEMAND SPIKE,-0.13513714608369543
SKU0002,Mobiles & Accessories,2025-09-30,531,2.100197758734344,DEMAND SPIKE,-0.13469302512100745
SKU0044,Fashion & Apparel,2025-12-30,66,0.48,DEMAND DROP,-0.13457228527948795
SKU0130,Beauty & Personal Care,2025-12-30,111,0.4774193548387097,DEMAND DROP,-0.13447415203424629
SKU0005,Mobiles & Accessories,2024-10-01,279,2.1352040816326534,DEMAND SPIKE,-0.1344341163101641
SKU0013,Mobiles & Accessories,2025-09-30,290,2.0989143546441498,DEMAND SPIKE,-0.1339496382825236
SKU0044,Fashion & Apparel,2024-10-01,307,2.035359116022099,DEMAND SPIKE,-0.13390280498171525
SKU0008,Mobiles & Accessories,2024-10-01,572,2.061261261261261,DEMAND SPIKE,-0.1330843225222168
SKU0007,Mobiles & Accessories,2024-10-01,650,2.008238928939238,DEMAND SPIKE,-0.13260631716996485
SKU0076,Home & Kitchen,2025-12-30,139,0.5245283018867924,DEMAND DROP,-0.1321424268455501
SKU0124,Beauty & Personal Care,2024-10-01,974,2.0186528497409326,DEMAND SPIKE,-0.1321188795492555
SKU0116,Beauty & Personal Care,2024-10-01,439,2.0904761904761906,DEMAND SPIKE,-0.1319788490537288
SKU0050,Fashion & Apparel,2025-12-30,213,0.4781144781144781,DEMAND DROP,-0.13160938086958518
SKU0040,Electronics & Appliances,2025-12-30,72,0.4222873900293255,DEMAND DROP,-0.13147987092989755
SKU0016,Mobiles & Accessories,2025-12-30,40,0.46875,DEMAND DROP,-0.13089642202757867
SKU0003,Mobiles & Accessories,2024-10-01,684,2.0417910447761196,DEMAND SPIKE,-0.1305983992105516
SKU0060,Fashion & Apparel,2025-12-30,196,0.5372316126084971,DEMAND DROP,-0.13008647461934775
SKU0071,Fashion & Apparel,2024-10-01,833,2.0024038461538463,DEMAND SPIKE,-0.12995197594671215
SKU0037,Electronics & Appliances,2025-12-30,74,0.4649214659685864,DEMAND DROP,-0.12983509013620798
SKU0148,Grocery & Essentials,2025-09-30,1730,2.062388237631631,DEMAND SPIKE,-0.1296833998578274
SKU0125,Beauty & Personal Care,2025-12-30,96,0.43504531722054385,DEMAND DROP,-0.12953956106487785
SKU0004,Mobiles & Accessories,2025-09-30,226,2.26,DEMAND SPIKE,-0.12938991085176998
SKU0103,Home & Kitchen,2025-12-30,33,0.4342105263157895,DEMAND DROP,-0.12930853831979894
SKU0105,Home & Kitchen,2024-10-01,473,2.0242510699001426,DEMAND SPIKE,-0.1292875229590713
SKU0024,Electronics & Appliances,2024-10-01,137,1.9478672985781993,DEMAND SPIKE,-0.12876690485559672
SKU0046,Fashion & Apparel,2025-12-30,196,0.521970705725699,DEMAND DROP,-0.12874117063080348
SKU0059,Fashion & Apparel,2024-10-01,676,1.9901864573110892,DEMAND SPIKE,-0.1286081473753531
SKU0049,Fashion & Apparel,2024-10-01,1002,1.9880952380952381,DEMAND SPIKE,-0.12847506110341134
SKU0040,Electronics & Appliances,2024-10-01,399,2.107394366197183,DEMAND SPIKE,-0.1282811827575513
SKU0014,Mobiles & Accessories,2025-12-30,71,0.47544642857142855,DEMAND DROP,-0.12823283366345528
SKU0045,Fashion & Apparel,2025-12-30,225,0.5244755244755245,DEMAND DROP,-0.12811219844042654
SKU0035,Electronics & Appliances,2025-12-30,11,0.37078651685393255,DEMAND DROP,-0.12809362743791586
SKU0107,Beauty & Personal Care,2025-12-30,186,0.4718816067653277,DEMAND DROP,-0.1279158101345027
SKU0062,Fashion & Apparel,2025-09-30,960,2.0741807706157727,DEMAND SPIKE,-0.12788900547468773
SKU0058,Fashion & Apparel,2025-12-30,171,0.4851063829787234,DEMAND DROP,-0.1276607164021718
SKU0003,Mobiles & Accessories,2025-12-30,159,0.5066383430695699,DEMAND DROP,-0.12749979640297704
SKU0136,Grocery & Essentials,2025-12-30,166,0.4381874175098988,DEMAND DROP,-0.12734124692807103
SKU0147,Grocery & Essentials,2025-09-30,1472,2.120528211284514,DEMAND SPIKE,-0.12719929953453923
SKU0047,Fashion & Apparel,2024-10-01,484,1.9282868525896415,DEMAND SPIKE,-0.12719526809196635
SKU0109,Beauty & Personal Care,2024-10-01,775,1.968670618120237,DEMAND SPIKE,-0.1269720017138467
SKU0143,Grocery & Essentials,2025-12-30,394,0.48048780487804876,DEMAND DROP,-0.1268885796639917
SKU0032,Electronics & Appliances,2025-09-30,100,2.0134228187919465,DEMAND SPIKE,-0.12683135267701473
SKU0096,Home & Kitchen,2024-10-01,503,1.9137603043753966,DEMAND SPIKE,-0.12618870728733578
SKU0119,Beauty & Personal Care,2024-10-01,515,2.0396039603960396,DEMAND SPIKE,-0.12609852077390837
SKU0104,Home & Kitchen,2025-12-30,99,0.4261119081779053,DEMAND DROP,-0.12598359664090375
SKU0004,Mobiles & Accessories,2024-10-01,211,2.24468085106383,DEMAND SPIKE,-0.12590184290686346
SKU0082,Home & Kitchen,2025-12-30,48,0.45425867507886436,DEMAND DROP,-0.12585290174543795
SKU0040,Electronics & Appliances,2025-09-30,456,2.0933435348125475,DEMAND SPIKE,-0.1254963650495743
SKU0143,Grocery & Essentials,2025-09-30,2042,2.0840278959006633,DEMAND SPIKE,-0.12476878103758748
SKU0083,Home & Kitchen,2025-12-30,144,0.5223700120918984,DEMAND DROP,-0.12431282332725446
SKU0127,Beauty & Personal Care,2025-12-30,116,0.5190156599552572,DEMAND DROP,-0.12424989413484089
SKU0099,Home & Kitchen,2025-09-30,405,2.025,DEMAND SPIKE,-0.12370866433859329
SKU0066,Fashion & Apparel,2024-10-01,1157,1.9755264655663063,DEMAND SPIKE,-0.12313682383654734
SKU0061,Fashion & Apparel,2024-10-01,629,2.0622950819672132,DEMAND SPIKE,-0.12296528523726957
SKU0111,Beauty & Personal Care,2025-09-30,553,1.9987951807228914,DEMAND SPIKE,-0.12228443641520614
SKU0025,Electronics & Appliances,2025-09-30,340,1.9902439024390244,DEMAND SPIKE,-0.12227816564492244
SKU0025,Electronics & Appliances,2025-12-30,73,0.5051903114186851,DEMAND DROP,-0.12197578109034513
SKU0080,Home & Kitchen,2025-09-30,585,2.0818505338078293,DEMAND SPIKE,-0.12178945617684078
SKU0062,Fashion & Apparel,2025-12-30,182,0.47560975609756095,DEMAND DROP,-0.12161491825338089
SKU0126,Beauty & Personal Care,2025-12-30,171,0.5469083155650319,DEMAND DROP,-0.12130666497049192
SKU0122,Beauty & Personal Care,2024-10-01,607,2.1039861351819757,DEMAND SPIKE,-0.12120888786352069
SKU0114,Beauty & Personal Care,2024-10-01,451,2.19821283509342,DEMAND SPIKE,-0.12115815682128339
SKU0038,Electronics & Appliances,2025-09-30,281,2.051094890510949,DEMAND SPIKE,-0.12088756865793082
SKU0135,Grocery & Essentials,2024-10-01,1327,2.0202994163917785,DEMAND SPIKE,-0.12077713483004904
SKU0056,Fashion & Apparel,2024-10-01,435,2.0030698388334613,DEMAND SPIKE,-0.12071254083732497
SKU0002,Mobiles & Accessories,2024-01-16,311,1.7796852646638055,DEMAND SPIKE,-0.12066521964147492
SKU0010,Mobiles & Accessories,2025-12-30,80,0.5286343612334802,DEMAND DROP,-0.12056769857954397
SKU0041,Fashion & Apparel,2025-12-30,154,0.4780134505949301,DEMAND DROP,-0.12054342019257036
SKU0051,Fashion & Apparel,2024-10-01,1180,1.9623059866962305,DEMAND SPIKE,-0.11991338661845585
SKU0082,Home & Kitchen,2024-10-01,241,1.930574098798398,DEMAND SPIKE,-0.119501040024805
SKU0123,Beauty & Personal Care,2025-09-30,330,2.0518134715025904,DEMAND SPIKE,-0.11921823640768237
SKU0015,Mobiles & Accessories,2024-10-01,649,1.9411764705882355,DEMAND SPIKE,-0.1189210763613402
SKU0058,Fashion & Apparel,2024-10-01,763,2.0584532374100717,DEMAND SPIKE,-0.11890371284165824
SKU0033,Electronics & Appliances,2025-12-30,29,0.5058139534883721,DEMAND DROP,-0.11888307149978294
SKU0027,Electronics & Appliances,2025-12-30,19,0.4418604651162791,DEMAND DROP,-0.11878127412873951
SKU0079,Home & Kitchen,2025-12-30,34,0.4927536231884058,DEMAND DROP,-0.11839908842876623
SKU0067,Fashion & Apparel,2025-12-30,99,0.541970802919708,DEMAND DROP,-0.11832997741462892
SKU0121,Beauty & Personal Care,2025-12-30,134,0.4771513353115727,DEMAND DROP,-0.11806532030344274
SKU0127,Beauty & Personal Care,2024-10-01,496,1.9387622149837134,DEMAND SPIKE,-0.11795383422059735
SKU0081,Home & Kitchen,2024-10-01,582,1.937846836847947,DEMAND SPIKE,-0.11784967238144783
SKU0073,Fashion & Apparel,2024-10-01,744,2.024489795918367,DEMAND SPIKE,-0.11777993984104762
SKU0020,Mobiles & Accessories,2024-10-01,614,1.9870550161812297,DEMAND SPIKE,-0.11758973165264897
SKU0077,Home & Kitchen,2025-12-30,148,0.49498327759197325,DEMAND DROP,-0.1171716117454078
SKU0057,Fashion & Apparel,2024-10-01,366,1.9572192513368984,DEMAND SPIKE,-0.11706336504950376
SKU0110,Beauty & Personal Care,2024-10-01,357,1.9962721342031686,DEMAND SPIKE,-0.11683002276541055
SKU0122,Beauty & Personal Care,2025-09-30,682,2.0920245398773005,DEMAND SPIKE,-0.11661113351037222
SKU0023,Electronics & Appliances,2024-01-16,156,1.7381615598885793,DEMAND SPIKE,-0.1165701743712223
SKU0013,Mobiles & Accessories,2024-10-01,248,2.0609418282548475,DEMAND SPIKE,-0.116355453012016
SKU0042,Fashion & Apparel,2025-12-30,75,0.5113636363636364,DEMAND DROP,-0.11526308051849765
SKU0053,Fashion & Apparel,2024-10-01,862,2.0266457680250785,DEMAND SPIKE,-0.1151860665565193
SKU0083,Home & Kitchen,2024-10-01,584,1.9369817578772803,DEMAND SPIKE,-0.11499652315082787
SKU0095,Home & Kitchen,2025-09-30,249,1.9056122448979593,DEMAND SPIKE,-0.11493263179840052
SKU0131,Grocery & Essentials,2024-10-01,940,2.02223019003227,DEMAND SPIKE,-0.11483554289399889
SKU0084,Home & Kitchen,2024-10-01,279,1.9487776484284052,DEMAND SPIKE,-0.1147065248704664
SKU0117,Beauty & Personal Care,2024-10-01,381,1.9356477561388652,DEMAND SPIKE,-0.11434012843301211
SKU0079,Home & Kitchen,2024-10-01,156,2.0436681222707427,DEMAND SPIKE,-0.11430323577469603
SKU0140,Grocery & Essentials,2024-10-01,1507,2.050340136054422,DEMAND SPIKE,-0.11405914838914943
SKU0011,Mobiles & Accessories,2024-01-16,175,1.8617021276595744,DEMAND SPIKE,-0.11373967724916911
SKU0060,Fashion & Apparel,2024-10-01,806,2.0,DEMAND SPIKE,-0.113522953716094
SKU0141,Grocery & Essentials,2024-10-01,1692,2.0496668685645063,DEMAND SPIKE,-0.11326053236365252
SKU0100,Home & Kitchen,2025-12-30,76,0.4830508474576271,DEMAND DROP,-0.11315286571659211
SKU0067,Fashion & Apparel,2024-10-01,411,2.0180032733224222,DEMAND SPIKE,-0.11310976942858475
SKU0098,Home & Kitchen,2024-10-01,640,2.042553191489362,DEMAND SPIKE,-0.1129505263323689
SKU0134,Grocery & Essentials,2024-10-01,1174,1.9836665727963954,DEMAND SPIKE,-0.11271315509945912
SKU0038,Electronics & Appliances,2024-10-01,238,2.028409090909091,DEMAND SPIKE,-0.11194363802368779
SKU0063,Fashion & Apparel,2024-10-01,1054,1.9861809045226133,DEMAND SPIKE,-0.11190249412106135
SKU0017,Mobiles & Accessories,2025-09-30,597,2.0527220630372494,DEMAND SPIKE,-0.11172019878496597
SKU0074,Fashion & Apparel,2024-10-01,221,2.0090909090909093,DEMAND SPIKE,-0.11145024975619722
SKU0133,Grocery & Essentials,2025-12-30,134,0.5241199478487615,DEMAND DROP,-0.11142670300578483
SKU0115,Beauty & Personal Care,2024-01-16,306,1.8,DEMAND SPIKE,-0.11106415804652214
SKU0102,Home & Kitchen,2025-12-30,117,0.48885793871866295,DEMAND DROP,-0.11099490348060703
SKU0129,Beauty & Personal Care,2024-10-01,871,1.9602400600150038,DEMAND SPIKE,-0.11095421171895015
SKU0061,Fashion & Apparel,2025-12-30,146,0.5239234449760766,DEMAND DROP,-0.1105868476119427
SKU0013,Mobiles & Accessories,2025-12-30,51,0.4872611464968153,DEMAND DROP,-0.1105601217619846
SKU0139,Grocery & Essentials,2024-10-01,1589,1.9821205821205823,DEMAND SPIKE,-0.11038583921621492
SKU0130,Beauty & Personal Care,2024-01-16,354,1.8223938223938223,DEMAND SPIKE,-0.11018437140974568
SKU0033,Electronics & Appliances,2024-10-01,116,1.9550561797752808,DEMAND SPIKE,-0.11017245446330792
SKU0075,Fashion & Apparel,2025-12-30,173,0.4801110083256244,DEMAND DROP,-0.10983382542457143
SKU0090,Home & Kitchen,2024-10-01,196,1.9534883720930234,DEMAND SPIKE,-0.10810983931347018
SKU0085,Home & Kitchen,2024-10-01,338,1.996062992125984,DEMAND SPIKE,-0.10798830739660203
SKU0112,Beauty & Personal Care,2025-12-30,81,0.5094339622641509,DEMAND DROP,-0.10786542152718359
SKU0136,Grocery & Essentials,2024-10-01,869,2.052755905511811,DEMAND SPIKE,-0.10752870233938161
SKU0004,Mobiles & Accessories,2025-12-30,36,0.4311377245508982,DEMAND DROP,-0.1075235002417474
SKU0054,Fashion & Apparel,2024-10-01,1048,2.046875,DEMAND SPIKE,-0.10747585123705661
SKU0120,Beauty & Personal Care,2024-10-01,574,1.8676789587852496,DEMAND SPIKE,-0.10744022599271164
SKU0087,Home & Kitchen,2025-12-30,148,0.528256989886972,DEMAND DROP,-0.10719764734475368
SKU0106,Beauty & Personal Care,2024-10-01,504,2.018691588785047,DEMAND SPIKE,-0.10716813194666353
SKU0029,Electronics & Appliances,2025-09-30,270,1.9285714285714286,DEMAND SPIKE,-0.10674198699012183
SKU0025,Electronics & Appliances,2024-01-16,251,1.8489871086556169,DEMAND SPIKE,-0.10664938287833126
SKU0098,Home & Kitchen,2025-12-30,141,0.5020771513353116,DEMAND DROP,-0.10646310017976646
SKU0094,Home & Kitchen,2024-10-01,392,1.99660441426146,DEMAND SPIKE,-0.10566183451602118
SKU0021,Electronics & Appliances,2024-10-01,214,2.1725888324873095,DEMAND SPIKE,-0.1055191879269669
SKU0032,Electronics & Appliances,2025-01-28,19,0.4367816091954023,DEMAND DROP,-0.10494635413230302
SKU0074,Fashion & Apparel,2025-12-30,46,0.4816753926701571,DEMAND DROP,-0.10475711999160664
SKU0137,Grocery & Essentials,2024-10-01,1578,1.9991554054054053,DEMAND SPIKE,-0.10470133134122162
SKU0142,Grocery & Essentials,2024-01-16,885,1.744701823558403,DEMAND SPIKE,-0.10447161874894395
SKU0125,Beauty & Personal Care,2024-10-01,464,2.0247272727272727,DEMAND SPIKE,-0.1042878194285648
SKU0005,Mobiles & Accessories,2024-01-16,192,1.7902097902097902,DEMAND SPIKE,-0.10417863726343612
SKU0028,Electronics & Appliances,2025-12-30,78,0.44913627639155473,DEMAND DROP,-0.1039212153432435
SKU0102,Home & Kitchen,2024-10-01,509,1.98828125,DEMAND SPIKE,-0.10339607513160143
SKU0147,Grocery & Essentials,2024-10-01,1289,2.050371155885472,DEMAND SPIKE,-0.10315713257327186
SKU0021,Electronics & Appliances,2024-01-16,132,2.0307692307692307,DEMAND SPIKE,-0.10312621948199152
SKU0068,Fashion & Apparel,2024-10-01,1027,1.9903100775193798,DEMAND SPIKE,-0.10309759047379907
SKU0148,Grocery & Essentials,2024-10-01,1555,2.007314974182444,DEMAND SPIKE,-0.10268044803177401
SKU0085,Home & Kitchen,2025-12-30,71,0.4863013698630137,DEMAND DROP,-0.10222475883131565
SKU0054,Fashion & Apparel,2025-12-30,245,0.5382643720248993,DEMAND DROP,-0.10197317264348815
SKU0042,Fashion & Apparel,2024-10-01,310,1.9037871033776868,DEMAND SPIKE,-0.10168049924067679
SKU0124,Beauty & Personal Care,2024-01-16,674,1.8093959731543625,DEMAND SPIKE,-0.10163995517508584
SKU0019,Mobiles & Accessories,2024-10-01,162,1.9096267190569747,DEMAND SPIKE,-0.10144162972704307
SKU0107,Beauty & Personal Care,2024-10-01,887,1.966740576496674,DEMAND SPIKE,-0.10112764853680078
SKU0080,Home & Kitchen,2024-01-16,350,1.8396846254927726,DEMAND SPIKE,-0.10059920092445063
SKU0092,Home & Kitchen,2025-12-30,94,0.5062836624775584,DEMAND DROP,-0.10032009679724818
SKU0091,Home & Kitchen,2024-01-16,95,1.7924528301886793,DEMAND SPIKE,-0.09977930983598715
SKU0076,Home & Kitchen,2024-10-01,510,1.8738518064911205,DEMAND SPIKE,-0.09966853689102251
SKU0133,Grocery & Essentials,2024-10-01,577,1.9384098544232922,DEMAND SPIKE,-0.09963918211062162
SKU0100,Home & Kitchen,2024-10-01,361,2.0074142724745134,DEMAND SPIKE,-0.09953546061882312
SKU0118,Beauty & Personal Care,2024-10-01,813,1.9606109324758842,DEMAND SPIKE,-0.09950624246408901
SKU0101,Home & Kitchen,2024-10-01,501,1.8705662725575607,DEMAND SPIKE,-0.09944092087061096
SKU0022,Electronics & Appliances,2025-12-30,19,0.40282685512367494,DEMAND DROP,-0.09924530399598741
SKU0038,Electronics & Appliances,2025-12-30,54,0.5151033386327504,DEMAND DROP,-0.09909755959088107
SKU0128,Beauty & Personal Care,2024-10-01,889,1.9396363636363638,DEMAND SPIKE,-0.09881430802676372
SKU0036,Electronics & Appliances,2024-01-16,122,1.7428571428571429,DEMAND SPIKE,-0.09855435298821846
SKU0077,Home & Kitchen,2024-10-01,692,2.0067665538907686,DEMAND SPIKE,-0.09757221047456499
SKU0134,Grocery & Essentials,2024-01-16,816,1.8023191606847047,DEMAND SPIKE,-0.0974112738431907
SKU0102,Home & Kitchen,2024-01-16,374,1.8676654182272159,DEMAND SPIKE,-0.09711580543408893
SKU0041,Fashion & Apparel,2024-10-01,706,1.9638386648122392,DEMAND SPIKE,-0.0970712300554456
SKU0046,Fashion & Apparel,2024-10-01,777,1.9328358208955223,DEMAND SPIKE,-0.09704889329028599
SKU0025,Electronics & Appliances,2024-10-01,325,1.9578313253012047,DEMAND SPIKE,-0.09700248625697983
SKU0140,Grocery & Essentials,2024-01-16,1062,1.8015267175572518,DEMAND SPIKE,-0.0966091067576278
SKU0146,Grocery & Essentials,2024-10-01,1117,1.9916790490341751,DEMAND SPIKE,-0.0964724396411033
SKU0112,Beauty & Personal Care,2024-10-01,347,1.96045197740113,DEMAND SPIKE,-0.09626576392608366
SKU0144,Grocery & Essentials,2024-10-01,958,1.914723517654897,DEMAND SPIKE,-0.09617113583912507
SKU0149,Grocery & Essentials,2024-10-01,1013,1.9555984555984556,DEMAND SPIKE,-0.09608165269785018
SKU0048,Fashion & Apparel,2024-10-01,739,1.9095607235142118,DEMAND SPIKE,-0.09607433483907335
SKU0040,Electronics & Appliances,2024-01-16,258,1.8362989323843417,DEMAND SPIKE,-0.09586646950460664
SKU0010,Mobiles & Accessories,2024-10-01,327,1.923529411764706,DEMAND SPIKE,-0.09547694689412067
SKU0103,Home & Kitchen,2025-09-30,196,1.96,DEMAND SPIKE,-0.09504008065240976
SKU0017,Mobiles & Accessories,2024-10-01,520,2.0259740259740258,DEMAND SPIKE,-0.09493004237406222
SKU0087,Home & Kitchen,2024-10-01,628,1.9789915966386555,DEMAND SPIKE,-0.09482888077975626
SKU0132,Grocery & Essentials,2024-10-01,403,1.959481361426256,DEMAND SPIKE,-0.09440715927354992
SKU0079,Home & Kitchen,2024-01-16,102,1.880184331797235,DEMAND SPIKE,-0.09418598183285343
SKU0026,Electronics & Appliances,2024-01-16,70,1.7391304347826086,DEMAND SPIKE,-0.09391803206534777
SKU0108,Beauty & Personal Care,2024-01-16,648,1.763265306122449,DEMAND SPIKE,-0.09387757220805149
SKU0143,Grocery & Essentials,2024-10-01,1777,2.007531538316701,DEMAND SPIKE,-0.09348255948536988
SKU0065,Fashion & Apparel,2024-10-01,227,2.105100463678516,DEMAND SPIKE,-0.09303811382891125
SKU0077,Home & Kitchen,2024-01-16,502,1.8783910196445277,DEMAND SPIKE,-0.09183097631586534
SKU0035,Electronics & Appliances,2024-12-24,66,1.9701492537313432,DEMAND SPIKE,-0.09180694095131248
SKU0012,Mobiles & Accessories,2024-10-01,229,1.9216783216783215,DEMAND SPIKE,-0.09171049252370578
SKU0118,Beauty & Personal Care,2024-01-16,619,1.8843226788432268,DEMAND SPIKE,-0.09170526520331079
SKU0075,Fashion & Apparel,2024-10-01,816,1.973397823458283,DEMAND SPIKE,-0.09155702835340818
SKU0122,Beauty & Personal Care,2025-12-30,132,0.5054243777919591,DEMAND DROP,-0.09148910734029869
SKU0032,Electronics & Appliances,2024-10-08,81,1.6816608996539792,DEMAND SPIKE,-0.09130553507071903
SKU0138,Grocery & Essentials,2024-10-01,1254,1.9588648789377767,DEMAND SPIKE,-0.09074797088932807
SKU0069,Fashion & Apparel,2024-01-16,419,1.7172131147540983,DEMAND SPIKE,-0.09039338222857995
SKU0127,Beauty & Personal Care,2024-01-16,369,1.784764207980653,DEMAND SPIKE,-0.09026401803617445
SKU0017,Mobiles & Accessories,2025-12-30,123,0.5200845665961945,DEMAND DROP,-0.09018492569796732
SKU0052,Fashion & Apparel,2024-10-01,796,1.8929845422116527,DEMAND SPIKE,-0.08987073779949284
SKU0093,Home & Kitchen,2024-01-16,156,1.7285318559556786,DEMAND SPIKE,-0.08970335563406162
SKU0114,Beauty & Personal Care,2025-09-30,491,2.1118279569892473,DEMAND SPIKE,-0.08953272472972063
SKU0114,Beauty & Personal Care,2024-01-16,304,1.9393939393939394,DEMAND SPIKE,-0.08893177553027098
SKU0082,Home & Kitchen,2024-01-16,169,1.883008356545961,DEMAND SPIKE,-0.08794612179935968
SKU0150,Grocery & Essentials,2024-01-16,494,1.9278048780487804,DEMAND SPIKE,-0.08775402743303895
SKU0021,Electronics & Appliances,2025-09-30,222,2.1449275362318843,DEMAND SPIKE,-0.08746974382478245
SKU0018,Mobiles & Accessories,2025-12-30,104,0.5064935064935064,DEMAND DROP,-0.08739194327797017
SKU0111,Beauty & Personal Care,2024-10-01,470,1.9183673469387754,DEMAND SPIKE,-0.08709432785834748
SKU0148,Grocery & Essentials,2024-01-16,1095,1.8326359832635983,DEMAND SPIKE,-0.08700203586051591
SKU0107,Beauty & Personal Care,2024-01-16,628,1.8045977011494252,DEMAND SPIKE,-0.08660522398861603
SKU0017,Mobiles & Accessories,2024-01-16,391,1.8663484486873507,DEMAND SPIKE,-0.08619994045634849
SKU0139,Grocery & Essentials,2024-01-16,1124,1.761755485893417,DEMAND SPIKE,-0.08606315987456836
SKU0030,Electronics & Appliances,2025-12-30,36,0.5373134328358209,DEMAND DROP,-0.08596806420503722
SKU0009,Mobiles & Accessories,2024-10-01,169,1.8743068391866913,DEMAND SPIKE,-0.08575152530785324
SKU0092,Home & Kitchen,2024-10-01,403,1.9531502423263327,DEMAND SPIKE,-0.08564725008517526
SKU0030,Electronics & Appliances,2025-12-23,124,1.7342657342657342,DEMAND SPIKE,-0.08556300117571658
SKU0083,Home & Kitchen,2024-01-16,452,1.7777777777777777,DEMAND SPIKE,-0.08542728587677906
SKU0150,Grocery & Essentials,2024-10-01,623,1.9946638207043759,DEMAND SPIKE,-0.08540292588491671
SKU0054,Fashion & Apparel,2024-01-16,746,1.8363076923076924,DEMAND SPIKE,-0.0850581648050388
SKU0050,Fashion & Apparel,2024-10-01,1001,1.968534906588004,DEMAND SPIKE,-0.08505090534216397
SKU0101,Home & Kitchen,2025-12-30,134,0.578001437814522,DEMAND DROP,-0.08484086136229119
SKU0088,Home & Kitchen,2025-12-30,62,0.5344827586206896,DEMAND DROP,-0.08458402440998425
SKU0097,Home & Kitchen,2024-10-01,93,1.8724832214765101,DEMAND SPIKE,-0.08455519281359725
SKU0122,Beauty & Personal Care,2024-01-16,404,1.7935627081021088,DEMAND SPIKE,-0.08444039610878162
SKU0102,Home & Kitchen,2025-09-30,564,1.967441860465116,DEMAND SPIKE,-0.08442389124224481
SKU0007,Mobiles & Accessories,2024-01-16,430,1.7251755265797393,DEMAND SPIKE,-0.08341351375861683
SKU0141,Grocery & Essentials,2024-01-16,1255,1.778880226789511,DEMAND SPIKE,-0.08293308566303748
SKU0033,Electronics & Appliances,2024-01-16,75,1.829268292682927,DEMAND SPIKE,-0.08282408206060543
SKU0056,Fashion & Apparel,2024-01-16,311,1.749648382559775,DEMAND SPIKE,-0.0826515719835137
SKU0062,Fashion & Apparel,2024-10-01,825,1.9705414012738853,DEMAND SPIKE,-0.08254551861455395
SKU0001,Mobiles & Accessories,2024-10-01,635,1.8585365853658535,DEMAND SPIKE,-0.08250904634263911
SKU0043,Fashion & Apparel,2024-10-01,1151,1.982204362801378,DEMAND SPIKE,-0.0812499775871135
SKU0121,Beauty & Personal Care,2024-10-01,585,1.9785794813979705,DEMAND SPIKE,-0.0807267528117106
SKU0116,Beauty & Personal Care,2024-01-16,304,1.7471264367816093,DEMAND SPIKE,-0.08031561729360925
SKU0099,Home & Kitchen,2024-01-16,248,1.7588652482269505,DEMAND SPIKE,-0.08027249471254372
SKU0137,Grocery & Essentials,2024-01-16,1081,1.7772297575010276,DEMAND SPIKE,-0.0798916470511496
SKU0079,Home & Kitchen,2024-12-24,116,1.669064748201439,DEMAND SPIKE,-0.07904461239264293
SKU0014,Mobiles & Accessories,2024-10-01,304,1.8881987577639752,DEMAND SPIKE,-0.07891560473760895
SKU0053,Fashion & Apparel,2024-01-16,587,1.7760968229954615,DEMAND SPIKE,-0.07873446268226536
SKU0019,Mobiles & Accessories,2024-01-16,121,1.8195488721804511,DEMAND SPIKE,-0.07829377639769841
SKU0112,Beauty & Personal Care,2024-01-16,239,1.8314176245210727,DEMAND SPIKE,-0.07823085655706608
SKU0008,Mobiles & Accessories,2024-01-16,398,1.7669256381798002,DEMAND SPIKE,-0.07764646783847151
SKU0052,Fashion & Apparel,2024-01-16,604,1.8124531132783195,DEMAND SPIKE,-0.07749117959239504
SKU0055,Fashion & Apparel,2024-10-15,103,0.5607985480943739,DEMAND DROP,-0.07744727395809248
SKU0088,Home & Kitchen,2024-10-01,264,1.8857142857142857,DEMAND SPIKE,-0.07741772274276026
SKU0113,Beauty & Personal Care,2024-01-16,310,1.984,DEMAND SPIKE,-0.0771469262661586
SKU0032,Electronics & Appliances,2024-10-01,78,1.95,DEMAND SPIKE,-0.07694106722294991
SKU0011,Mobiles & Accessories,2024-12-24,213,1.681578947368421,DEMAND SPIKE,-0.07676001887670825
SKU0067,Fashion & Apparel,2024-01-16,292,1.8193146417445483,DEMAND SPIKE,-0.0760301759966927
SKU0084,Home & Kitchen,2024-01-16,197,1.7056277056277056,DEMAND SPIKE,-0.07592485199617371
SKU0089,Home & Kitchen,2024-10-01,535,1.9454545454545455,DEMAND SPIKE,-0.07548246622067967
SKU0038,Electronics & Appliances,2024-12-24,186,1.7742448330683627,DEMAND SPIKE,-0.07525602067653003
SKU0063,Fashion & Apparel,2024-01-16,774,1.7681324957167333,DEMAND SPIKE,-0.07434331794630777
SKU0093,Home & Kitchen,2025-12-30,53,0.5435897435897435,DEMAND DROP,-0.07433780464551132
SKU0045,Fashion & Apparel,2024-01-16,609,1.6662106703146375,DEMAND SPIKE,-0.0738621613691246
SKU0129,Beauty & Personal Care,2024-01-16,634,1.770949720670391,DEMAND SPIKE,-0.07358021937730375
SKU0113,Beauty & Personal Care,2024-10-01,392,1.99660441426146,DEMAND SPIKE,-0.07335883922014841
SKU0015,Mobiles & Accessories,2024-01-16,452,1.7777777777777777,DEMAND SPIKE,-0.07303337790181785
SKU0061,Fashion & Apparel,2024-01-16,432,1.7650663942798774,DEMAND SPIKE,-0.07290466810272633
SKU0087,Home & Kitchen,2024-01-16,437,1.7983539094650205,DEMAND SPIKE,-0.0723362215951332
SKU0149,Grocery & Essentials,2024-01-16,725,1.792336217552534,DEMAND SPIKE,-0.07215179585588771
SKU0119,Beauty & Personal Care,2024-01-16,364,1.7648484848484849,DEMAND SPIKE,-0.0720787703207586
SKU0070,Fashion & Apparel,2024-01-16,309,1.6680161943319838,DEMAND SPIKE,-0.07179798550980421
SKU0135,Grocery & Essentials,2024-01-16,928,1.7509433962264151,DEMAND SPIKE,-0.0717031463510186
SKU0145,Grocery & Essentials,2024-10-01,842,1.9341500765696784,DEMAND SPIKE,-0.0714456608602414
SKU0075,Fashion & Apparel,2024-01-16,614,1.801907556859868,DEMAND SPIKE,-0.07117750655820876
SKU0147,Grocery & Essentials,2024-01-16,922,1.8248391885205344,DEMAND SPIKE,-0.0706194955810101
SKU0109,Beauty & Personal Care,2024-01-16,503,1.7094307561597282,DEMAND SPIKE,-0.07051540762503261
SKU0021,Electronics & Appliances,2024-12-24,144,1.7560975609756098,DEMAND SPIKE,-0.0704368236356413
SKU0047,Fashion & Apparel,2024-01-16,352,1.7170731707317073,DEMAND SPIKE,-0.07009231730265009
SKU0060,Fashion & Apparel,2024-01-16,543,1.781788351107465,DEMAND SPIKE,-0.06954251241744447
SKU0067,Fashion & Apparel,2024-10-08,420,1.7224880382775118,DEMAND SPIKE,-0.06917364199669651
SKU0100,Home & Kitchen,2024-01-16,270,1.9047619047619047,DEMAND SPIKE,-0.06916036040921958
SKU0124,Beauty & Personal Care,2024-10-08,976,1.6669513236549958,DEMAND SPIKE,-0.06914449428847902
SKU0104,Home & Kitchen,2024-10-01,508,1.9973787680209698,DEMAND SPIKE,-0.06888255808781685
SKU0145,Grocery & Essentials,2024-01-16,595,1.8829113924050633,DEMAND SPIKE,-0.06829569063034979
SKU0064,Fashion & Apparel,2024-10-01,313,1.9104781281790437,DEMAND SPIKE,-0.06828325279688297
SKU0104,Home & Kitchen,2024-01-16,388,1.9670468948035489,DEMAND SPIKE,-0.06772852271094787
SKU0097,Home & Kitchen,2024-10-08,105,1.726027397260274,DEMAND SPIKE,-0.06751769979166666
SKU0024,Electronics & Appliances,2024-10-15,47,0.5573122529644269,DEMAND DROP,-0.06744814868642923
SKU0090,Home & Kitchen,2024-10-08,215,1.7622950819672132,DEMAND SPIKE,-0.06716013157446266
SKU0126,Beauty & Personal Care,2024-01-16,470,1.7184643510054844,DEMAND SPIKE,-0.06684984561222507
SKU0044,Fashion & Apparel,2024-01-16,197,1.7019438444924406,DEMAND SPIKE,-0.0667217451179748
SKU0143,Grocery & Essentials,2024-01-16,1224,1.787513691128149,DEMAND SPIKE,-0.06665477142913623
SKU0099,Home & Kitchen,2024-10-22,117,0.5484375,DEMAND DROP,-0.06656306865672312
SKU0094,Home & Kitchen,2024-01-16,274,1.7937806873977087,DEMAND SPIKE,-0.0664789547080521
SKU0051,Fashion & Apparel,2024-01-16,827,1.7131020196789228,DEMAND SPIKE,-0.06616653180942522
SKU0055,Fashion & Apparel,2024-01-16,226,1.6771799628942485,DEMAND SPIKE,-0.06601577272468029
SKU0013,Mobiles & Accessories,2024-12-24,191,1.7630769230769232,DEMAND SPIKE,-0.06567285365013331
SKU0093,Home & Kitchen,2024-12-24,177,1.6542056074766356,DEMAND SPIKE,-0.06561847920256947
SKU0110,Beauty & Personal Care,2025-12-30,86,0.5297741273100616,DEMAND DROP,-0.06539733759892119
SKU0073,Fashion & Apparel,2024-01-16,514,1.7693631669535284,DEMAND SPIKE,-0.06517879783058655
SKU0112,Beauty & Personal Care,2025-11-04,130,0.573529411764706,DEMAND DROP,-0.064862384679366
SKU0106,Beauty & Personal Care,2024-01-16,379,1.802615933412604,DEMAND SPIKE,-0.06486037274951939
SKU0132,Grocery & Essentials,2024-01-16,298,1.8033282904689865,DEMAND SPIKE,-0.06438987418587172
SKU0045,Fashion & Apparel,2024-11-05,345,0.6111603188662533,DEMAND DROP,-0.06421614194033742
SKU0129,Beauty & Personal Care,2025-10-07,768,1.3685773685773688,DEMAND SPIKE,-0.06366456274635857
SKU0018,Mobiles & Accessories,2024-10-01,439,1.9310850439882696,DEMAND SPIKE,-0.06298328729624214
SKU0058,Fashion & Apparel,2024-01-16,529,1.7662771285475793,DEMAND SPIKE,-0.06294146097436293
SKU0033,Electronics & Appliances,2024-12-24,94,1.6936936936936937,DEMAND SPIKE,-0.06293201224904865
SKU0072,Fashion & Apparel,2024-01-16,637,1.6774193548387097,DEMAND SPIKE,-0.0628186839375775
SKU0146,Grocery & Essentials,2024-01-16,846,1.8291891891891892,DEMAND SPIKE,-0.06276443632740791
SKU0062,Fashion & Apparel,2024-01-16,612,1.8160237388724036,DEMAND SPIKE,-0.06255792712867347
SKU0100,Home & Kitchen,2025-09-30,372,1.964788732394366,DEMAND SPIKE,-0.062485019692563926
SKU0027,Electronics & Appliances,2025-09-30,109,1.923529411764706,DEMAND SPIKE,-0.061952090509401314
SKU0010,Mobiles & Accessories,2024-01-16,248,1.813528336380256,DEMAND SPIKE,-0.06135935700213868
SKU0138,Grocery & Essentials,2024-01-16,902,1.7747171667486472,DEMAND SPIKE,-0.06131522746265783
SKU0059,Fashion & Apparel,2024-01-16,457,1.702048417132216,DEMAND SPIKE,-0.061282340486405795
SKU0114,Beauty & Personal Care,2025-12-30,96,0.5328399629972248,DEMAND DROP,-0.06116523317000133
SKU0065,Fashion & Apparel,2024-01-16,154,1.9071207430340558,DEMAND SPIKE,-0.061135423263006694
SKU0065,Fashion & Apparel,2024-12-24,171,1.7874564459930313,DEMAND SPIKE,-0.06090867701350733
SKU0117,Beauty & Personal Care,2024-01-16,259,1.7619047619047619,DEMAND SPIKE,-0.060837752558661085
SKU0018,Mobiles & Accessories,2024-01-16,364,1.9107611548556431,DEMAND SPIKE,-0.06079592996833649
SKU0025,Electronics & Appliances,2024-12-24,249,1.6363636363636365,DEMAND SPIKE,-0.06076943918085387
SKU0128,Beauty & Personal Care,2024-01-16,657,1.7853260869565217,DEMAND SPIKE,-0.06050321539547887
SKU0108,Beauty & Personal Care,2024-10-08,918,1.6833740831295843,DEMAND SPIKE,-0.059961895885661365
SKU0028,Electronics & Appliances,2024-10-01,343,1.8473967684021544,DEMAND SPIKE,-0.05966275472873095
SKU0024,Electronics & Appliances,2024-01-16,96,1.6916299559471366,DEMAND SPIKE,-0.05964039568394153
SKU0136,Grocery & Essentials,2024-01-16,584,1.7859327217125383,DEMAND SPIKE,-0.05936160034357951
SKU0043,Fashion & Apparel,2024-01-16,818,1.8622652248150255,DEMAND SPIKE,-0.059347590868947364
SKU0110,Beauty & Personal Care,2024-01-16,244,1.7649186256781193,DEMAND SPIKE,-0.05906697575880371
SKU0035,Electronics & Appliances,2024-10-22,22,0.4870848708487085,DEMAND DROP,-0.059002680239331196
SKU0116,Beauty & Personal Care,2025-12-30,110,0.5689655172413793,DEMAND DROP,-0.05807884459619905
SKU0095,Home & Kitchen,2024-01-16,170,1.8681318681318682,DEMAND SPIKE,-0.058020305932424576
SKU0001,Mobiles & Accessories,2025-11-04,261,0.6133960047003525,DEMAND DROP,-0.057907806469105205
SKU0016,Mobiles & Accessories,2024-10-08,179,1.629742033383915,DEMAND SPIKE,-0.05768048146707083
SKU0020,Mobiles & Accessories,2024-01-16,433,1.7583756345177666,DEMAND SPIKE,-0.057592222180049446
SKU0028,Electronics & Appliances,2024-10-15,115,0.5191873589164786,DEMAND DROP,-0.05724008904583677
SKU0003,Mobiles & Accessories,2024-01-16,490,1.7422222222222221,DEMAND SPIKE,-0.05695391522528581
SKU0020,Mobiles & Accessories,2025-10-07,580,1.4658803706823924,DEMAND SPIKE,-0.05644077677899906
SKU0126,Beauty & Personal Care,2025-10-28,272,0.6212409592691283,DEMAND DROP,-0.0551198597205651
SKU0018,Mobiles & Accessories,2025-10-28,157,0.552168815943728,DEMAND DROP,-0.05509064792901641
SKU0012,Mobiles & Accessories,2024-10-15,84,0.5779816513761468,DEMAND DROP,-0.054353334446716306
SKU0026,Electronics & Appliances,2025-12-23,85,1.608832807570978,DEMAND SPIKE,-0.05400734604916657
SKU0103,Home & Kitchen,2024-01-16,116,1.7915057915057915,DEMAND SPIKE,-0.05374356825200821
SKU0050,Fashion & Apparel,2024-01-16,738,1.8256029684601114,DEMAND SPIKE,-0.05363964442091729
SKU0020,Mobiles & Accessories,2025-11-04,236,0.5917258671124113,DEMAND DROP,-0.05346025677614452
SKU0049,Fashion & Apparel,2024-01-16,677,1.7270408163265305,DEMAND SPIKE,-0.052863801252608145
SKU0048,Fashion & Apparel,2024-01-16,528,1.7644110275689222,DEMAND SPIKE,-0.05269244537535256
SKU0064,Fashion & Apparel,2024-01-16,212,1.8434782608695652,DEMAND SPIKE,-0.05187582879984931
SKU0142,Grocery & Essentials,2025-10-07,1138,1.3957481602616517,DEMAND SPIKE,-0.05165394001714341
SKU0095,Home & Kitchen,2024-10-01,229,1.874488403819918,DEMAND SPIKE,-0.05128943145948295
SKU0037,Electronics & Appliances,2024-01-16,250,1.9267822736030829,DEMAND SPIKE,-0.051261303636535915
SKU0006,Mobiles & Accessories,2024-01-16,244,1.712280701754386,DEMAND SPIKE,-0.05110352142219732
SKU0097,Home & Kitchen,2024-01-16,78,1.8034682080924855,DEMAND SPIKE,-0.05078966795756579
SKU0061,Fashion & Apparel,2024-12-24,458,1.6674757281553396,DEMAND SPIKE,-0.05075408396021286
SKU0128,Beauty & Personal Care,2025-10-07,860,1.444973396807617,DEMAND SPIKE,-0.050704122382000505
SKU0029,Electronics & Appliances,2024-11-05,89,0.5861690450054884,DEMAND DROP,-0.050156347325577166
SKU0068,Fashion & Apparel,2024-01-16,700,1.75,DEMAND SPIKE,-0.05003818574314356
SKU0082,Home & Kitchen,2024-10-29,81,0.574468085106383,DEMAND DROP,-0.04954650717145237
SKU0007,Mobiles & Accessories,2025-10-07,546,1.2933280694828266,DEMAND SPIKE,-0.04877482903221608
SKU0081,Home & Kitchen,2024-01-16,433,1.7216699801192843,DEMAND SPIKE,-0.04829204225048145
SKU0098,Home & Kitchen,2024-01-16,436,1.7705583756345178,DEMAND SPIKE,-0.047885706917894066
SKU0124,Beauty & Personal Care,2024-12-24,730,1.574973031283711,DEMAND SPIKE,-0.04787004793258198
SKU0037,Electronics & Appliances,2024-10-01,319,1.9044776119402984,DEMAND SPIKE,-0.04782941661990969
SKU0144,Grocery & Essentials,2024-01-16,688,1.770913770913771,DEMAND SPIKE,-0.0476397990439511
SKU0069,Fashion & Apparel,2025-10-28,256,0.6381387619443291,DEMAND DROP,-0.046923311679612834
SKU0091,Home & Kitchen,2025-10-14,42,0.5502183406113538,DEMAND DROP,-0.04645209419567076
SKU0035,Electronics & Appliances,2024-01-16,48,1.8461538461538463,DEMAND SPIKE,-0.046223838037987575
SKU0014,Mobiles & Accessories,2024-01-16,239,1.8140417457305502,DEMAND SPIKE,-0.04617639553175812
SKU0078,Home & Kitchen,2024-10-08,115,1.5789473684210527,DEMAND SPIKE,-0.046111873329230835
SKU0030,Electronics & Appliances,2025-11-04,52,0.5631768953068592,DEMAND DROP,-0.04600438574208643
SKU0089,Home & Kitchen,2024-01-16,403,1.82559456398641,DEMAND SPIKE,-0.04557469169515993
SKU0060,Fashion & Apparel,2024-01-09,315,1.39792899408284,DEMAND SPIKE,-0.045264864007312555
SKU0041,Fashion & Apparel,2025-10-07,670,1.4660831509846828,DEMAND SPIKE,-0.04505955119387439
SKU0129,Beauty & Personal Care,2024-10-08,869,1.6489563567362429,DEMAND SPIKE,-0.04504579075759685
SKU0118,Beauty & Personal Care,2025-10-07,697,1.3797426591883866,DEMAND SPIKE,-0.04435115709339943
SKU0109,Beauty & Personal Care,2025-10-28,312,0.6341463414634146,DEMAND DROP,-0.04347937408658187
SKU0014,Mobiles & Accessories,2025-01-14,309,1.6946983546617915,DEMAND SPIKE,-0.04340252718179116
SKU0133,Grocery & Essentials,2024-12-24,449,1.7700394218134035,DEMAND SPIKE,-0.04333896061332554
SKU0096,Home & Kitchen,2024-01-16,331,1.6952624839948784,DEMAND SPIKE,-0.0433016102394973
SKU0060,Fashion & Apparel,2024-10-08,805,1.6765012148559528,DEMAND SPIKE,-0.043107424747460765
SKU0080,Home & Kitchen,2024-12-24,385,1.6476462196861628,DEMAND SPIKE,-0.04224843666884448
SKU0127,Beauty & Personal Care,2024-10-22,186,0.6175982291090204,DEMAND DROP,-0.042199447921880795
SKU0121,Beauty & Personal Care,2024-01-16,457,1.8316633266533067,DEMAND SPIKE,-0.0421288677126721
SKU0019,Mobiles & Accessories,2025-10-07,154,1.4551181102362205,DEMAND SPIKE,-0.04210377994893155
SKU0102,Home & Kitchen,2024-11-05,177,0.5838372732270478,DEMAND DROP,-0.0421034228511179
SKU0046,Fashion & Apparel,2024-01-16,580,1.7915057915057915,DEMAND SPIKE,-0.0420537579453345
SKU0092,Home & Kitchen,2024-01-16,290,1.8012422360248448,DEMAND SPIKE,-0.04184830491091929
SKU0015,Mobiles & Accessories,2025-01-14,560,1.6430317848410758,DEMAND SPIKE,-0.04152386238941008
SKU0131,Grocery & Essentials,2024-01-16,651,1.7582714382174207,DEMAND SPIKE,-0.041513037103043327
SKU0053,Fashion & Apparel,2025-10-07,759,1.4116553006819592,DEMAND SPIKE,-0.041480596555949156
SKU0103,Home & Kitchen,2025-11-04,62,0.5794392523364486,DEMAND DROP,-0.04141463418014879
SKU0001,Mobiles & Accessories,2025-10-07,570,1.3555291319857312,DEMAND SPIKE,-0.04120523253936592
SKU0107,Beauty & Personal Care,2025-10-07,811,1.4223911137094418,DEMAND SPIKE,-0.04081562403173189
SKU0085,Home & Kitchen,2024-01-16,223,1.79476861167002,DEMAND SPIKE,-0.04073854663577259
SKU0128,Beauty & Personal Care,2024-10-08,925,1.6818181818181819,DEMAND SPIKE,-0.04035493928750089
SKU0035,Electronics & Appliances,2025-09-30,64,1.7777777777777777,DEMAND SPIKE,-0.0401967400830725
SKU0140,Grocery & Essentials,2024-10-08,1402,1.603507434235608,DEMAND SPIKE,-0.03996861977311117
SKU0074,Fashion & Apparel,2024-01-16,157,1.789173789173789,DEMAND SPIKE,-0.039746276296508176
SKU0076,Home & Kitchen,2025-10-07,500,1.3780431786862655,DEMAND SPIKE,-0.03955337229013023
SKU0071,Fashion & Apparel,2025-10-07,706,1.3616200578592093,DEMAND SPIKE,-0.03930910406545418
SKU0040,Electronics & Appliances,2024-10-15,126,0.5675675675675675,DEMAND DROP,-0.038947149118302105
SKU0065,Fashion & Apparel,2024-11-05,68,0.5244215938303343,DEMAND DROP,-0.03887040600463376
SKU0041,Fashion & Apparel,2024-01-16,498,1.773820124666073,DEMAND SPIKE,-0.038845963707376474
SKU0125,Beauty & Personal Care,2024-01-16,334,1.7813333333333334,DEMAND SPIKE,-0.03884471017064406
SKU0009,Mobiles & Accessories,2024-12-24,139,1.7267080745341614,DEMAND SPIKE,-0.038491500151260905
SKU0033,Electronics & Appliances,2025-01-14,95,1.5702479338842976,DEMAND SPIKE,-0.038199939357826396
SKU0034,Electronics & Appliances,2024-10-08,87,1.8981818181818182,DEMAND SPIKE,-0.037679550375514514
SKU0021,Electronics & Appliances,2024-01-09,70,1.640625,DEMAND SPIKE,-0.03744178987913771
SKU0082,Home & Kitchen,2025-09-30,239,1.7681874229346488,DEMAND SPIKE,-0.03742851243027656
SKU0072,Fashion & Apparel,2025-10-07,822,1.3834502103786817,DEMAND SPIKE,-0.03735255016360761
SKU0094,Home & Kitchen,2025-10-07,337,1.3224329627207325,DEMAND SPIKE,-0.037208576300511
SKU0084,Home & Kitchen,2025-10-28,94,0.5423076923076923,DEMAND DROP,-0.037177576874375395
SKU0042,Fashion & Apparel,2024-01-16,220,1.7322834645669292,DEMAND SPIKE,-0.036885378903091404
SKU0148,Grocery & Essentials,2024-12-24,1160,1.6292134831460674,DEMAND SPIKE,-0.03680492262602164
SKU0115,Beauty & Personal Care,2024-12-24,324,1.6026380873866448,DEMAND SPIKE,-0.036564719094673626
SKU0139,Grocery & Essentials,2025-10-07,1401,1.4045112781954887,DEMAND SPIKE,-0.03655993980181149
SKU0141,Grocery & Essentials,2025-10-07,1464,1.3778823529411766,DEMAND SPIKE,-0.03618942343257292
SKU0008,Mobiles & Accessories,2024-10-08,558,1.671492760858712,DEMAND SPIKE,-0.036143644118113105
SKU0048,Fashion & Apparel,2024-12-24,564,1.668639053254438,DEMAND SPIKE,-0.03611156420874451
SKU0009,Mobiles & Accessories,2024-01-16,122,1.781021897810219,DEMAND SPIKE,-0.03568373792740431
SKU0091,Home & Kitchen,2024-10-08,114,1.632458233890215,DEMAND SPIKE,-0.03556843624983752
SKU0052,Fashion & Apparel,2025-10-07,719,1.3583123425692694,DEMAND SPIKE,-0.035002397467348345
SKU0049,Fashion & Apparel,2024-01-09,422,1.4208754208754208,DEMAND SPIKE,-0.03496600336550182
SKU0095,Home & Kitchen,2025-01-14,209,1.6349413298565842,DEMAND SPIKE,-0.03487671288299077
SKU0039,Electronics & Appliances,2024-10-01,176,1.8493870402802102,DEMAND SPIKE,-0.034779117252159986
SKU0011,Mobiles & Accessories,2025-12-30,76,0.6023778071334214,DEMAND DROP,-0.03460912957509188
SKU0010,Mobiles & Accessories,2024-10-08,347,1.687196110210697,DEMAND SPIKE,-0.03458068564240124
SKU0101,Home & Kitchen,2025-10-07,457,1.3628230616302188,DEMAND SPIKE,-0.03435445799707437
SKU0113,Beauty & Personal Care,2025-01-14,319,1.5166402535657686,DEMAND SPIKE,-0.034170691236817485
SKU0086,Home & Kitchen,2024-10-01,324,1.837429111531191,DEMAND SPIKE,-0.03378415583270766
SKU0134,Grocery & Essentials,2025-10-07,1003,1.4034514925373136,DEMAND SPIKE,-0.03327744387769904
SKU0022,Electronics & Appliances,2025-12-23,82,1.5819935691318328,DEMAND SPIKE,-0.032996704979840086
SKU0032,Electronics & Appliances,2024-12-24,70,1.8749999999999998,DEMAND SPIKE,-0.03283481160576884
SKU0052,Fashion & Apparel,2025-12-23,638,1.5238853503184713,DEMAND SPIKE,-0.032623453423183624
SKU0027,Electronics & Appliances,2024-10-08,102,1.6233421750663128,DEMAND SPIKE,-0.032272770197477874
SKU0057,Fashion & Apparel,2024-10-08,387,1.7073529411764707,DEMAND SPIKE,-0.032261437206945964
SKU0123,Beauty & Personal Care,2024-12-24,244,1.7553956834532374,DEMAND SPIKE,-0.03205824173945282
SKU0068,Fashion & Apparel,2025-10-07,922,1.4294573643410853,DEMAND SPIKE,-0.03178446492776188
SKU0032,Electronics & Appliances,2024-01-16,73,1.8838709677419354,DEMAND SPIKE,-0.0317621987746004
SKU0117,Beauty & Personal Care,2024-01-09,159,1.4498480243161094,DEMAND SPIKE,-0.031538709677671806
SKU0034,Electronics & Appliances,2025-12-30,15,0.44334975369458124,DEMAND DROP,-0.03137382707923586
SKU0130,Beauty & Personal Care,2024-01-09,229,1.624113475177305,DEMAND SPIKE,-0.031167230938793478
SKU0135,Grocery & Essentials,2025-10-07,1193,1.417706476530006,DEMAND SPIKE,-0.030678329063958176
SKU0062,Fashion & Apparel,2024-10-08,816,1.6429530201342282,DEMAND SPIKE,-0.030497346044007112
SKU0126,Beauty & Personal Care,2025-10-07,624,1.4344827586206896,DEMAND SPIKE,-0.030490445313453796
SKU0022,Electronics & Appliances,2024-10-01,104,1.902439024390244,DEMAND SPIKE,-0.030309085931897517
SKU0104,Home & Kitchen,2024-10-08,477,1.605159842961301,DEMAND SPIKE,-0.030227044355479737
SKU0034,Electronics & Appliances,2025-09-30,82,1.8566037735849057,DEMAND SPIKE,-0.030095393527899583
SKU0058,Fashion & Apparel,2025-10-28,296,0.6088447034624614,DEMAND DROP,-0.02966737313722323
SKU0082,Home & Kitchen,2024-12-24,179,1.723916532905297,DEMAND SPIKE,-0.029509342158850704
SKU0132,Grocery & Essentials,2024-10-08,403,1.6460176991150441,DEMAND SPIKE,-0.029113214097457152
SKU0138,Grocery & Essentials,2025-10-07,1134,1.4252199413489737,DEMAND SPIKE,-0.028989951883782172
SKU0108,Beauty & Personal Care,2025-10-07,858,1.459597391550893,DEMAND SPIKE,-0.028635368336019207
SKU0063,Fashion & Apparel,2025-10-07,918,1.368447204968944,DEMAND SPIKE,-0.028506519924147655
SKU0028,Electronics & Appliances,2024-10-08,402,1.7800738007380073,DEMAND SPIKE,-0.028414604706094693
SKU0146,Grocery & Essentials,2024-10-08,1146,1.7002967359050445,DEMAND SPIKE,-0.028382026630891177
SKU0066,Fashion & Apparel,2024-01-16,752,1.6851540616246499,DEMAND SPIKE,-0.028347998458023382
SKU0029,Electronics & Appliances,2025-10-07,222,1.4095238095238096,DEMAND SPIKE,-0.028223467856644646
SKU0050,Fashion & Apparel,2025-10-07,930,1.4668769716088328,DEMAND SPIKE,-0.02805567997632874
SKU0036,Electronics & Appliances,2025-12-23,146,1.5181975736568456,DEMAND SPIKE,-0.027896236847753664
SKU0110,Beauty & Personal Care,2024-11-05,118,0.5544244322631167,DEMAND DROP,-0.027687942866717385
SKU0046,Fashion & Apparel,2024-10-08,836,1.7284631288766368,DEMAND SPIKE,-0.02760263951034092
SKU0133,Grocery & Essentials,2024-01-16,418,1.7009155645981688,DEMAND SPIKE,-0.02725831966443515
SKU0003,Mobiles & Accessories,2024-05-28,354,1.3014705882352942,DEMAND SPIKE,-0.027192083677077594
SKU0118,Beauty & Personal Care,2024-12-24,589,1.6085571233500227,DEMAND SPIKE,-0.02700759367030392
SKU0081,Home & Kitchen,2024-05-28,322,1.2914438502673797,DEMAND SPIKE,-0.02697763163131428
SKU0012,Mobiles & Accessories,2024-10-08,258,1.7551020408163265,DEMAND SPIKE,-0.026860524458079738
SKU0024,Electronics & Appliances,2025-08-05,93,1.4344473007712084,DEMAND SPIKE,-0.026817503054056058
SKU0031,Electronics & Appliances,2025-11-04,104,0.5948522402287892,DEMAND DROP,-0.026517183676027622
SKU0031,Electronics & Appliances,2024-01-09,145,1.6353383458646615,DEMAND SPIKE,-0.026428076660992117
SKU0096,Home & Kitchen,2025-10-28,195,0.6034038164002062,DEMAND DROP,-0.026307136605646653
SKU0037,Electronics & Appliances,2024-10-08,341,1.6853377265238878,DEMAND SPIKE,-0.026189840700948097
SKU0123,Beauty & Personal Care,2024-01-16,206,1.73109243697479,DEMAND SPIKE,-0.026107365433412855
SKU0147,Grocery & Essentials,2024-10-08,1273,1.6797888717835936,DEMAND SPIKE,-0.026097257661238382
SKU0013,Mobiles & Accessories,2024-01-09,101,1.389908256880734,DEMAND SPIKE,-0.02607296281927385
SKU0130,Beauty & Personal Care,2025-10-21,199,0.6012084592145015,DEMAND DROP,-0.02596144397104916
SKU0079,Home & Kitchen,2025-10-28,53,0.5750452079566003,DEMAND DROP,-0.02585450800979061
SKU0143,Grocery & Essentials,2025-10-07,1572,1.4025278810408923,DEMAND SPIKE,-0.025725461419877083
SKU0056,Fashion & Apparel,2024-01-09,182,1.365,DEMAND SPIKE,-0.025680210439839257
SKU0074,Fashion & Apparel,2025-11-04,78,0.5652173913043478,DEMAND DROP,-0.02563106381797664
SKU0083,Home & Kitchen,2024-01-09,287,1.5238938053097344,DEMAND SPIKE,-0.02559227188226576
SKU0022,Electronics & Appliances,2024-10-08,118,1.7655860349127184,DEMAND SPIKE,-0.024958201365575472
SKU0059,Fashion & Apparel,2025-10-07,623,1.4036800600826136,DEMAND SPIKE,-0.024824341081867818
SKU0026,Electronics & Appliances,2025-10-28,37,0.5857519788918206,DEMAND DROP,-0.024629498997586596
SKU0006,Mobiles & Accessories,2024-01-09,161,1.4815950920245398,DEMAND SPIKE,-0.024572346084910324
SKU0093,Home & Kitchen,2024-11-05,78,0.5770653514180025,DEMAND DROP,-0.024374011655938665
SKU0044,Fashion & Apparel,2025-10-07,278,1.4932855863921217,DEMAND SPIKE,-0.0243622917427464
SKU0114,Beauty & Personal Care,2025-10-07,345,1.3363460296965783,DEMAND SPIKE,-0.024281462615912908
SKU0085,Home & Kitchen,2024-10-08,358,1.7294685990338163,DEMAND SPIKE,-0.024147157908948613
SKU0013,Mobiles & Accessories,2025-10-21,87,0.5858585858585859,DEMAND DROP,-0.024051479822071897
SKU0101,Home & Kitchen,2024-12-24,420,1.740331491712707,DEMAND SPIKE,-0.023478425143782844
SKU0099,Home & Kitchen,2024-10-08,353,1.6180290297937356,DEMAND SPIKE,-0.023442479344167544
SKU0072,Fashion & Apparel,2024-10-08,918,1.6257378984651714,DEMAND SPIKE,-0.023420830498877665
SKU0009,Mobiles & Accessories,2024-01-09,79,1.5592105263157896,DEMAND SPIKE,-0.023259704399181014
SKU0071,Fashion & Apparel,2024-01-16,550,1.7041053446940357,DEMAND SPIKE,-0.022987491077856914
SKU0123,Beauty & Personal Care,2025-10-07,254,1.382940108892922,DEMAND SPIKE,-0.022757195754436688
SKU0100,Home & Kitchen,2025-01-14,317,1.692170818505338,DEMAND SPIKE,-0.022598524453030677
SKU0065,Fashion & Apparel,2025-12-30,49,0.5394495412844037,DEMAND DROP,-0.022476929902409015
SKU0146,Grocery & Essentials,2025-10-07,960,1.3562514716270309,DEMAND SPIKE,-0.021857050062610628
SKU0136,Grocery & Essentials,2025-10-28,324,0.5983379501385041,DEMAND DROP,-0.021787207174338796
SKU0049,Fashion & Apparel,2024-05-28,508,1.2172523961661343,DEMAND SPIKE,-0.021678620714681962
SKU0076,Home & Kitchen,2024-01-16,377,1.6981981981981982,DEMAND SPIKE,-0.02151301204277012
SKU0027,Electronics & Appliances,2025-12-23,87,1.8709677419354838,DEMAND SPIKE,-0.021382812721893907
SKU0150,Grocery & Essentials,2025-10-21,262,0.6530951391773993,DEMAND DROP,-0.020824314337770877
SKU0061,Fashion & Apparel,2025-10-07,544,1.4385191714411634,DEMAND SPIKE,-0.020817752611127505
SKU0131,Grocery & Essentials,2024-10-08,953,1.6997621878715816,DEMAND SPIKE,-0.020813501699270764
SKU0119,Beauty & Personal Care,2025-10-07,476,1.4782608695652173,DEMAND SPIKE,-0.020748684399217843
SKU0030,Electronics & Appliances,2024-01-16,95,1.6666666666666667,DEMAND SPIKE,-0.020645871078415867
SKU0062,Fashion & Apparel,2025-10-07,740,1.3918495297805644,DEMAND SPIKE,-0.020511873926586488
SKU0137,Grocery & Essentials,2024-05-28,823,1.2700617283950617,DEMAND SPIKE,-0.020254867947970268
SKU0022,Electronics & Appliances,2025-10-14,37,0.5298329355608592,DEMAND DROP,-0.019909456019300498
SKU0088,Home & Kitchen,2024-10-08,258,1.5652173913043477,DEMAND SPIKE,-0.01968403486071979
SKU0004,Mobiles & Accessories,2024-10-08,205,1.7521367521367521,DEMAND SPIKE,-0.019577668590207042
SKU0034,Electronics & Appliances,2025-10-21,21,0.45,DEMAND DROP,-0.01935314284035905
SKU0127,Beauty & Personal Care,2024-10-08,479,1.5852178709321565,DEMAND SPIKE,-0.019321736639942633
SKU0107,Beauty & Personal Care,2025-10-21,351,0.6143523920653442,DEMAND DROP,-0.018947299864929157
SKU0092,Home & Kitchen,2025-12-23,281,1.413243922883487,DEMAND SPIKE,-0.018914422286160915
SKU0075,Fashion & Apparel,2025-10-21,315,0.5928481806775407,DEMAND DROP,-0.01890206680083506
SKU0043,Fashion & Apparel,2024-12-24,889,1.676304211187932,DEMAND SPIKE,-0.018883621164301756
SKU0105,Home & Kitchen,2024-11-05,179,0.6262390670553937,DEMAND DROP,-0.0188713515154596
SKU0034,Electronics & Appliances,2024-01-16,50,1.6528925619834711,DEMAND SPIKE,-0.018726514231928726
SKU0038,Electronics & Appliances,2025-01-14,191,1.56343792633015,DEMAND SPIKE,-0.018514886528657737
SKU0102,Home & Kitchen,2024-12-24,392,1.6176066024759284,DEMAND SPIKE,-0.018507637839862867
SKU0046,Fashion & Apparel,2024-12-24,648,1.6295054484492875,DEMAND SPIKE,-0.01846485810258114
SKU0043,Fashion & Apparel,2025-10-07,996,1.398876404494382,DEMAND SPIKE,-0.01825291982309374
SKU0131,Grocery & Essentials,2024-12-24,716,1.6017897091722595,DEMAND SPIKE,-0.01824663379578162
SKU0087,Home & Kitchen,2025-10-28,249,0.6314454775993238,DEMAND DROP,-0.017800597236213966
SKU0106,Beauty & Personal Care,2025-12-23,353,1.3699870633893918,DEMAND SPIKE,-0.0177932170756796
SKU0007,Mobiles & Accessories,2025-01-14,547,1.5208526413345689,DEMAND SPIKE,-0.017570773991384514
SKU0090,Home & Kitchen,2025-11-04,81,0.5912408759124088,DEMAND DROP,-0.017455492644464998
SKU0087,Home & Kitchen,2024-12-24,495,1.6354625550660793,DEMAND SPIKE,-0.017398826368943632
SKU0002,Mobiles & Accessories,2025-10-07,403,1.413208649912332,DEMAND SPIKE,-0.017152381867602817
SKU0106,Beauty & Personal Care,2024-10-08,508,1.6747252747252748,DEMAND SPIKE,-0.01708367451603654
SKU0121,Beauty & Personal Care,2024-10-29,215,0.609640831758034,DEMAND DROP,-0.016940023911768298
SKU0042,Fashion & Apparel,2025-01-14,264,1.543859649122807,DEMAND SPIKE,-0.016492548900306603
SKU0122,Beauty & Personal Care,2024-12-24,462,1.686131386861314,DEMAND SPIKE,-0.016409208265338093
SKU0017,Mobiles & Accessories,2024-10-29,182,0.5967213114754099,DEMAND DROP,-0.016184824991484548
SKU0066,Fashion & Apparel,2025-10-07,1015,1.390728476821192,DEMAND SPIKE,-0.01618164907297681
SKU0031,Electronics & Appliances,2024-12-24,176,1.436734693877551,DEMAND SPIKE,-0.016056607338989615
SKU0010,Mobiles & Accessories,2025-10-21,137,0.6298850574712643,DEMAND DROP,-0.015906806122019446
SKU0139,Grocery & Essentials,2024-01-09,706,1.4831932773109244,DEMAND SPIKE,-0.01571304624314429
SKU0150,Grocery & Essentials,2025-10-07,536,1.3478625314333612,DEMAND SPIKE,-0.015584810303900798
SKU0069,Fashion & Apparel,2025-12-23,445,1.4991577765300395,DEMAND SPIKE,-0.015393014593609755
SKU0095,Home & Kitchen,2024-12-24,160,1.5213946117274166,DEMAND SPIKE,-0.015203706718064702
SKU0054,Fashion & Apparel,2025-10-07,921,1.4183778234086242,DEMAND SPIKE,-0.01519458697879894
SKU0001,Mobiles & Accessories,2025-01-14,580,1.492921492921493,DEMAND SPIKE,-0.0147320384378542
SKU0120,Beauty & Personal Care,2024-10-08,576,1.5963048498845267,DEMAND SPIKE,-0.014676220427191522
SKU0041,Fashion & Apparel,2024-10-08,731,1.7106084243369735,DEMAND SPIKE,-0.014467973639817222
SKU0115,Beauty & Personal Care,2024-05-28,239,1.351555136663525,DEMAND SPIKE,-0.014086574107181171
SKU0038,Electronics & Appliances,2024-05-28,124,1.3357271095152603,DEMAND SPIKE,-0.013973466327403483
SKU0114,Beauty & Personal Care,2024-10-08,402,1.6330399458361544,DEMAND SPIKE,-0.01391021380079338
SKU0098,Home & Kitchen,2024-12-24,480,1.6734456711214412,DEMAND SPIKE,-0.013810075755365192
SKU0101,Home & Kitchen,2024-01-16,364,1.71900826446281,DEMAND SPIKE,-0.013777419526328716
SKU0063,Fashion & Apparel,2024-10-29,410,0.6431372549019608,DEMAND DROP,-0.01366953792945913
SKU0015,Mobiles & Accessories,2024-10-08,618,1.5738539898132426,DEMAND SPIKE,-0.013598946300144243
SKU0097,Home & Kitchen,2024-12-24,82,1.50920245398773,DEMAND SPIKE,-0.013592221453710529
SKU0044,Fashion & Apparel,2025-12-23,205,1.3835770528683915,DEMAND SPIKE,-0.013567305796213236
SKU0098,Home & Kitchen,2025-10-07,546,1.385786802030457,DEMAND SPIKE,-0.013432935694744574
SKU0144,Grocery & Essentials,2025-10-07,848,1.3710590137429264,DEMAND SPIKE,-0.013400664187544375
SKU0005,Mobiles & Accessories,2025-12-23,219,1.5550295857988166,DEMAND SPIKE,-0.013163888078675634
SKU0073,Fashion & Apparel,2025-10-07,634,1.3817653468942972,DEMAND SPIKE,-0.013068204744727141
SKU0084,Home & Kitchen,2024-02-13,71,0.5756756756756757,DEMAND DROP,-0.013023471977027579
SKU0088,Home & Kitchen,2024-01-09,136,1.6929460580912865,DEMAND SPIKE,-0.01294659924169328
SKU0085,Home & Kitchen,2024-12-24,254,1.6126984126984127,DEMAND SPIKE,-0.012829395246136355
SKU0070,Fashion & Apparel,2025-10-14,178,0.6003372681281619,DEMAND DROP,-0.012807022180661098
SKU0100,Home & Kitchen,2024-10-29,122,0.6115288220551378,DEMAND DROP,-0.01277443275759682
SKU0109,Beauty & Personal Care,2025-10-07,670,1.3668820129207753,DEMAND SPIKE,-0.012590069257616188
SKU0078,Home & Kitchen,2025-01-14,92,1.5333333333333334,DEMAND SPIKE,-0.012489295115615473
SKU0086,Home & Kitchen,2025-12-23,315,1.721311475409836,DEMAND SPIKE,-0.012405198196802192
SKU0039,Electronics & Appliances,2025-10-14,67,0.5388739946380697,DEMAND DROP,-0.012350631634427178
SKU0022,Electronics & Appliances,2024-01-16,79,1.8588235294117648,DEMAND SPIKE,-0.012203373942195395
SKU0051,Fashion & Apparel,2025-10-14,487,0.6471760797342193,DEMAND DROP,-0.012114520662993344
SKU0042,Fashion & Apparel,2024-10-08,327,1.6683673469387754,DEMAND SPIKE,-0.011935672987295809
SKU0027,Electronics & Appliances,2024-12-24,81,1.7867647058823528,DEMAND SPIKE,-0.011922809297413739
SKU0120,Beauty & Personal Care,2024-01-16,422,1.7016129032258065,DEMAND SPIKE,-0.011776073029288958
SKU0140,Grocery & Essentials,2025-10-07,1268,1.3735331287235963,DEMAND SPIKE,-0.011669439888684296
SKU0143,Grocery & Essentials,2024-05-28,896,1.234726688102894,DEMAND SPIKE,-0.011558865733087176
SKU0039,Electronics & Appliances,2025-11-04,63,0.504,DEMAND DROP,-0.011533891844099031
SKU0105,Home & Kitchen,2024-12-24,348,1.6249027237354086,DEMAND SPIKE,-0.011477388156519441
SKU0103,Home & Kitchen,2025-01-14,157,1.6672566371681414,DEMAND SPIKE,-0.011443191389314045
SKU0016,Mobiles & Accessories,2024-10-22,61,0.5487256371814093,DEMAND DROP,-0.011418811148964814
SKU0028,Electronics & Appliances,2024-01-16,253,1.66996699669967,DEMAND SPIKE,-0.011273782349326078
SKU0125,Beauty & Personal Care,2024-12-24,368,1.702390131071704,DEMAND SPIKE,-0.011222244307607987
SKU0111,Beauty & Personal Care,2025-01-14,420,1.530054644808743,DEMAND SPIKE,-0.011206620800428224
SKU0006,Mobiles & Accessories,2025-10-07,307,1.3797752808988764,DEMAND SPIKE,-0.01118312907986485
SKU0141,Grocery & Essentials,2024-10-08,1597,1.6155791603439555,DEMAND SPIKE,-0.011101845208339456
SKU0002,Mobiles & Accessories,2025-12-23,305,1.4570063694267514,DEMAND SPIKE,-0.01095891821519368
SKU0090,Home & Kitchen,2025-10-07,189,1.3695652173913044,DEMAND SPIKE,-0.01093155525381695
SKU0145,Grocery & Essentials,2024-12-24,564,1.5270758122743684,DEMAND SPIKE,-0.010917969931320659
SKU0018,Mobiles & Accessories,2024-01-09,194,1.4623115577889447,DEMAND SPIKE,-0.010904843973970069
SKU0117,Beauty & Personal Care,2025-01-14,337,1.5237377543330821,DEMAND SPIKE,-0.010786986743309579
SKU0074,Fashion & Apparel,2024-10-08,223,1.6936708860759495,DEMAND SPIKE,-0.010770913516037983
SKU0147,Grocery & Essentials,2024-05-28,627,1.20384,DEMAND SPIKE,-0.010740807675029052
SKU0111,Beauty & Personal Care,2025-10-07,416,1.3654266958424506,DEMAND SPIKE,-0.010655373920288924
SKU0148,Grocery & Essentials,2024-10-08,1441,1.5835164835164834,DEMAND SPIKE,-0.010463449826843663
SKU0037,Electronics & Appliances,2024-12-24,255,1.526946107784431,DEMAND SPIKE,-0.010077448629841501
SKU0054,Fashion & Apparel,2024-10-29,395,0.6308224647324994,DEMAND DROP,-0.009860872523405617
SKU0064,Fashion & Apparel,2025-10-07,300,1.4827018121911038,DEMAND SPIKE,-0.009611890688090208
SKU0120,Beauty & Personal Care,2024-12-24,485,1.6977829638273045,DEMAND SPIKE,-0.009500857351521952
SKU0137,Grocery & Essentials,2025-10-07,1404,1.3857542358940615,DEMAND SPIKE,-0.009357398441651288
SKU0025,Electronics & Appliances,2025-10-07,276,1.4400000000000002,DEMAND SPIKE,-0.009260882657876723
SKU0059,Fashion & Apparel,2025-12-23,497,1.4639175257731958,DEMAND SPIKE,-0.009253790943610007
SKU0094,Home & Kitchen,2024-01-09,171,1.5222551928783383,DEMAND SPIKE,-0.009140622733739945
SKU0134,Grocery & Essentials,2025-12-23,823,1.4665874665874667,DEMAND SPIKE,-0.009123503699226765
SKU0149,Grocery & Essentials,2025-10-07,931,1.4275491949910555,DEMAND SPIKE,-0.008990101283571916
SKU0070,Fashion & Apparel,2024-05-28,262,1.3067331670822944,DEMAND SPIKE,-0.00897507518772267
SKU0096,Home & Kitchen,2024-10-08,516,1.6389624139756487,DEMAND SPIKE,-0.008809655057360644
SKU0137,Grocery & Essentials,2024-10-08,1466,1.581445523193096,DEMAND SPIKE,-0.008773864373035067
SKU0105,Home & Kitchen,2024-10-08,481,1.6966490299823633,DEMAND SPIKE,-0.00875830275908529
SKU0113,Beauty & Personal Care,2024-01-09,165,1.5714285714285714,DEMAND SPIKE,-0.008721062186433648
SKU0116,Beauty & Personal Care,2024-10-08,405,1.6135458167330676,DEMAND SPIKE,-0.008616471304621176
SKU0004,Mobiles & Accessories,2024-01-16,104,1.5350553505535056,DEMAND SPIKE,-0.008584931009639751
SKU0030,Electronics & Appliances,2024-12-10,82,1.3898305084745763,DEMAND SPIKE,-0.008226635751911737
SKU0086,Home & Kitchen,2025-05-27,190,1.2364425162689805,DEMAND SPIKE,-0.0080478622051815
SKU0066,Fashion & Apparel,2024-10-29,438,0.6338639652677279,DEMAND DROP,-0.007649693270907809
SKU0071,Fashion & Apparel,2024-10-08,846,1.6774619960343689,DEMAND SPIKE,-0.007623626695176355
SKU0112,Beauty & Personal Care,2024-05-28,187,1.3309608540925266,DEMAND SPIKE,-0.007451115201530856
SKU0051,Fashion & Apparel,2024-12-24,834,1.5420647149460707,DEMAND SPIKE,-0.007430811883695765
SKU0135,Grocery & Essentials,2024-10-08,1301,1.6555673382820784,DEMAND SPIKE,-0.00737149961397543
SKU0057,Fashion & Apparel,2025-12-23,260,1.4634146341463414,DEMAND SPIKE,-0.007260500042855611
SKU0008,Mobiles & Accessories,2025-10-07,489,1.3502070869765301,DEMAND SPIKE,-0.007099463240354931
SKU0095,Home & Kitchen,2025-05-27,149,1.3839009287925697,DEMAND SPIKE,-0.007020768127244614
SKU0064,Fashion & Apparel,2025-12-23,252,1.645266594124048,DEMAND SPIKE,-0.007009791535550147
SKU0038,Electronics & Appliances,2024-10-22,83,0.600723763570567,DEMAND DROP,-0.0068496566437373785
SKU0048,Fashion & Apparel,2025-10-07,631,1.3340380549682875,DEMAND SPIKE,-0.0067777473019018375
SKU0149,Grocery & Essentials,2025-12-23,736,1.4729819879919945,DEMAND SPIKE,-0.006740308555344687
SKU0003,Mobiles & Accessories,2025-10-07,618,1.4082795290543106,DEMAND SPIKE,-0.006465218966814068
SKU0047,Fashion & Apparel,2025-01-14,424,1.5418181818181818,DEMAND SPIKE,-0.00641611673011333
SKU0138,Grocery & Essentials,2024-05-28,645,1.2340561224489797,DEMAND SPIKE,-0.006358742852487498
SKU0045,Fashion & Apparel,2025-10-07,823,1.3801006148686417,DEMAND SPIKE,-0.006326766390492011
SKU0110,Beauty & Personal Care,2025-10-07,307,1.3922902494331066,DEMAND SPIKE,-0.006312261759935045
SKU0104,Home & Kitchen,2024-10-22,178,0.5959821428571428,DEMAND DROP,-0.006288634572626517
SKU0103,Home & Kitchen,2024-01-09,69,1.4475524475524477,DEMAND SPIKE,-0.0062743688383615215
SKU0144,Grocery & Essentials,2024-05-28,539,1.3125,DEMAND SPIKE,-0.006234735440475592
SKU0136,Grocery & Essentials,2024-10-08,859,1.6848643347499184,DEMAND SPIKE,-0.006184191976134956
SKU0089,Home & Kitchen,2025-10-07,487,1.4281524926686218,DEMAND SPIKE,-0.00608663153047595
SKU0139,Grocery & Essentials,2024-05-28,777,1.1950781850807486,DEMAND SPIKE,-0.005939920664040255
SKU0089,Home & Kitchen,2024-10-08,569,1.7129954841946813,DEMAND SPIKE,-0.005899662168498021
SKU0121,Beauty & Personal Care,2024-12-24,483,1.7168246445497632,DEMAND SPIKE,-0.005887226306455218
SKU0011,Mobiles & Accessories,2025-05-27,145,1.3063063063063063,DEMAND SPIKE,-0.005834321096438
SKU0147,Grocery & Essentials,2024-01-09,544,1.4849863512283896,DEMAND SPIKE,-0.0055955269000637076
SKU0068,Fashion & Apparel,2024-10-08,1024,1.6547266361432802,DEMAND SPIKE,-0.005567331550688226
SKU0132,Grocery & Essentials,2025-10-07,382,1.4209547427154372,DEMAND SPIKE,-0.005535226260203974
SKU0029,Electronics & Appliances,2024-01-09,139,1.7375,DEMAND SPIKE,-0.005509413680171771
SKU0104,Home & Kitchen,2025-10-07,415,1.3265849760255728,DEMAND SPIKE,-0.0054954441017485145
SKU0012,Mobiles & Accessories,2024-01-09,120,1.487603305785124,DEMAND SPIKE,-0.005487279580064008
SKU0133,Grocery & Essentials,2024-10-15,215,0.6231884057971014,DEMAND DROP,-0.0054703025968212415
SKU0005,Mobiles & Accessories,2024-01-09,116,1.4683544303797469,DEMAND SPIKE,-0.005332986712010768
SKU0081,Home & Kitchen,2024-01-09,269,1.4083769633507854,DEMAND SPIKE,-0.005324344662976488
SKU0016,Mobiles & Accessories,2024-01-16,114,1.5944055944055944,DEMAND SPIKE,-0.0053061810900406625
SKU0093,Home & Kitchen,2024-10-08,198,1.4943396226415093,DEMAND SPIKE,-0.005126151346454888
SKU0141,Grocery & Essentials,2024-05-28,870,1.2311320754716981,DEMAND SPIKE,-0.005093259762218194
SKU0119,Beauty & Personal Care,2025-01-14,371,1.3313397129186602,DEMAND SPIKE,-0.00505561756705275
SKU0080,Home & Kitchen,2024-10-08,479,1.5808580858085808,DEMAND SPIKE,-0.004942258112600073
SKU0014,Mobiles & Accessories,2024-10-08,290,1.5591397849462365,DEMAND SPIKE,-0.004934676667289972
SKU0116,Beauty & Personal Care,2025-10-07,374,1.3674588665447898,DEMAND SPIKE,-0.004926891254089516
SKU0075,Fashion & Apparel,2025-10-07,767,1.4372267332916928,DEMAND SPIKE,-0.004838541148629472
SKU0077,Home & Kitchen,2024-10-08,634,1.5673671199011125,DEMAND SPIKE,-0.004823651155963282
SKU0037,Electronics & Appliances,2024-01-09,146,1.6282527881040891,DEMAND SPIKE,-0.004772066123463259
SKU0023,Electronics & Appliances,2024-01-09,105,1.5517241379310345,DEMAND SPIKE,-0.004722961824520033
SKU0034,Electronics & Appliances,2024-11-05,24,0.5294117647058824,DEMAND DROP,-0.004683495366104462
SKU0048,Fashion & Apparel,2024-01-09,332,1.4887892376681615,DEMAND SPIKE,-0.004648783212945595
SKU0036,Electronics & Appliances,2024-10-08,183,1.6147058823529412,DEMAND SPIKE,-0.004635007356173948
SKU0039,Electronics & Appliances,2025-12-23,145,1.4974182444061963,DEMAND SPIKE,-0.004587701058355487
SKU0114,Beauty & Personal Care,2025-10-28,154,0.5829652996845426,DEMAND DROP,-0.004504102078717986
SKU0057,Fashion & Apparel,2024-01-16,251,1.6733333333333333,DEMAND SPIKE,-0.004433413777163442
SKU0056,Fashion & Apparel,2025-12-23,337,1.5529953917050692,DEMAND SPIKE,-0.00428660528424285
SKU0053,Fashion & Apparel,2024-05-28,404,1.1749878817256423,DEMAND SPIKE,-0.0042632052537868725
SKU0062,Fashion & Apparel,2024-10-15,312,0.6335025380710659,DEMAND DROP,-0.004216770712953011
SKU0042,Fashion & Apparel,2024-12-24,243,1.596933187294633,DEMAND SPIKE,-0.004099655225579091
SKU0065,Fashion & Apparel,2025-10-21,68,0.53125,DEMAND DROP,-0.0040909884049809
SKU0145,Grocery & Essentials,2025-10-07,718,1.3706649697741011,DEMAND SPIKE,-0.00401309601428157
SKU0099,Home & Kitchen,2024-05-28,182,1.269767441860465,DEMAND SPIKE,-0.0039336271358421104
SKU0143,Grocery & Essentials,2024-10-08,1708,1.6287349014621741,DEMAND SPIKE,-0.0039153381091582284
SKU0087,Home & Kitchen,2025-10-07,551,1.4086067319982956,DEMAND SPIKE,-0.003751184777469385
SKU0061,Fashion & Apparel,2025-10-28,237,0.6253298153034301,DEMAND DROP,-0.0035916477133728364
SKU0019,Mobiles & Accessories,2025-10-28,65,0.6122448979591837,DEMAND DROP,-0.0034618914175682525
SKU0100,Home & Kitchen,2025-06-03,213,1.3846153846153846,DEMAND SPIKE,-0.0033622217930721066
SKU0125,Beauty & Personal Care,2024-10-22,165,0.593881223755249,DEMAND DROP,-0.0033324149994262697
SKU0081,Home & Kitchen,2024-10-08,592,1.6436834798704303,DEMAND SPIKE,-0.0032809206315215222
SKU0017,Mobiles & Accessories,2025-12-23,371,1.4625492772667543,DEMAND SPIKE,-0.0032624392643669786
SKU0109,Beauty & Personal Care,2024-12-24,588,1.5856179775280899,DEMAND SPIKE,-0.0032617239316716784
SKU0138,Grocery & Essentials,2025-01-14,1074,1.5080739527264218,DEMAND SPIKE,-0.0032283754936046627
SKU0013,Mobiles & Accessories,2024-10-08,241,1.681395348837209,DEMAND SPIKE,-0.0032157257388835125
SKU0111,Beauty & Personal Care,2024-10-08,517,1.7329608938547487,DEMAND SPIKE,-0.003176299779354075
SKU0020,Mobiles & Accessories,2025-01-14,537,1.5595353339787028,DEMAND SPIKE,-0.0031287619652401455
SKU0076,Home & Kitchen,2024-12-24,443,1.6622889305816135,DEMAND SPIKE,-0.0031206671834710376
SKU0090,Home & Kitchen,2025-01-14,170,1.5088757396449703,DEMAND SPIKE,-0.0029742699294511565
SKU0112,Beauty & Personal Care,2024-12-24,261,1.5738693467336682,DEMAND SPIKE,-0.0028370014523909637
SKU0122,Beauty & Personal Care,2025-10-28,206,0.5789227166276347,DEMAND DROP,-0.0027963386874960694
SKU0134,Grocery & Essentials,2024-05-28,580,1.2062391681109186,DEMAND SPIKE,-0.0026067042700914644
SKU0145,Grocery & Essentials,2025-12-23,588,1.4151624548736461,DEMAND SPIKE,-0.002592824176255837
SKU0040,Electronics & Appliances,2025-10-07,360,1.4448160535117058,DEMAND SPIKE,-0.0025904041945808975
SKU0028,Electronics & Appliances,2025-12-23,271,1.4275680421422299,DEMAND SPIKE,-0.0025895816296983565
SKU0015,Mobiles & Accessories,2025-10-07,570,1.4114733801073052,DEMAND SPIKE,-0.0025620895577717073
SKU0091,Home & Kitchen,2025-12-23,80,1.4414414414414414,DEMAND SPIKE,-0.0025509287204543707
SKU0024,Electronics & Appliances,2025-12-23,97,1.5396825396825398,DEMAND SPIKE,-0.0025265165467165396
SKU0055,Fashion & Apparel,2024-12-24,241,1.6084538375973303,DEMAND SPIKE,-0.002490007411655837
SKU0050,Fashion & Apparel,2024-10-08,1037,1.6811672520940286,DEMAND SPIKE,-0.0024882075027902184
SKU0084,Home & Kitchen,2024-10-08,268,1.5703125,DEMAND SPIKE,-0.0024439644735057
SKU0083,Home & Kitchen,2025-12-23,417,1.3969849246231156,DEMAND SPIKE,-0.0023476472948539273
SKU0142,Grocery & Essentials,2024-10-08,1236,1.5948387096774193,DEMAND SPIKE,-0.0023182028636391516
SKU0113,Beauty & Personal Care,2024-10-08,379,1.6127659574468085,DEMAND SPIKE,-0.002272721750429363
SKU0106,Beauty & Personal Care,2025-10-07,478,1.4275759084121453,DEMAND SPIKE,-0.0022301393235101274
SKU0009,Mobiles & Accessories,2025-10-14,66,0.5945945945945946,DEMAND DROP,-0.002184350094662224
SKU0041,Fashion & Apparel,2024-12-24,536,1.6366412213740458,DEMAND SPIKE,-0.0021525527262807875
SKU0017,Mobiles & Accessories,2025-01-14,458,1.6574185765983114,DEMAND SPIKE,-0.002132232356368946
SKU0064,Fashion & Apparel,2025-10-21,125,0.6291946308724833,DEMAND DROP,-0.0021283204601496575
SKU0092,Home & Kitchen,2024-11-05,142,0.5843621399176955,DEMAND DROP,-0.0021216370852037425
SKU0086,Home & Kitchen,2024-12-24,256,1.5705521472392638,DEMAND SPIKE,-0.002105539703457948
SKU0004,Mobiles & Accessories,2025-10-07,155,1.3537117903930131,DEMAND SPIKE,-0.002088265008455714
SKU0146,Grocery & Essentials,2024-12-24,850,1.6267942583732058,DEMAND SPIKE,-0.0020560352334713095
SKU0039,Electronics & Appliances,2025-10-07,168,1.3211009174311925,DEMAND SPIKE,-0.002027155920973911
SKU0040,Electronics & Appliances,2025-12-23,271,1.438938053097345,DEMAND SPIKE,-0.001978647724897975
SKU0023,Electronics & Appliances,2025-01-14,186,1.4840425531914894,DEMAND SPIKE,-0.0019333540267947313
SKU0054,Fashion & Apparel,2024-10-08,1025,1.6510067114093958,DEMAND SPIKE,-0.0018870482277033584
SKU0140,Grocery & Essentials,2024-05-28,735,1.2443566591422122,DEMAND SPIKE,-0.001863313986851467
SKU0060,Fashion & Apparel,2024-12-24,568,1.569060773480663,DEMAND SPIKE,-0.001802681940513584
SKU0136,Grocery & Essentials,2024-05-28,427,1.240677966101695,DEMAND SPIKE,-0.00179624534319478
SKU0014,Mobiles & Accessories,2024-01-09,133,1.3854166666666667,DEMAND SPIKE,-0.0017958638668721383
SKU0002,Mobiles & Accessories,2024-10-08,395,1.5399610136452242,DEMAND SPIKE,-0.0017811916821328655
SKU0053,Fashion & Apparel,2024-10-29,312,0.6248331108144193,DEMAND DROP,-0.0017776583092651288
SKU0085,Home & Kitchen,2025-10-28,121,0.5707547169811321,DEMAND DROP,-0.0017603212918225752
SKU0130,Beauty & Personal Care,2025-10-07,464,1.3823237338629593,DEMAND SPIKE,-0.0017534097192639653
SKU0083,Home & Kitchen,2025-10-07,545,1.4070567986230638,DEMAND SPIKE,-0.001728573015882251
SKU0043,Fashion & Apparel,2024-10-22,440,0.6386066763425254,DEMAND DROP,-0.0017202604840803604
SKU0148,Grocery & Essentials,2024-11-05,591,0.6514789638067242,DEMAND DROP,-0.001708091471370965
SKU0035,Electronics & Appliances,2024-07-16,41,1.4385964912280702,DEMAND SPIKE,-0.0016778817708592575
SKU0007,Mobiles & Accessories,2025-12-23,492,1.539906103286385,DEMAND SPIKE,-0.0016771850477313999
SKU0089,Home & Kitchen,2024-12-24,452,1.6720098643649817,DEMAND SPIKE,-0.0016323245458266245
SKU0131,Grocery & Essentials,2025-10-07,834,1.3713346122225267,DEMAND SPIKE,-0.0016282212510524419
SKU0122,Beauty & Personal Care,2024-10-08,563,1.6263842079922965,DEMAND SPIKE,-0.001608517519632091
SKU0088,Home & Kitchen,2025-10-07,247,1.4849699398797593,DEMAND SPIKE,-0.0015926580039998806
SKU0135,Grocery & Essentials,2024-12-24,974,1.630580357142857,DEMAND SPIKE,-0.0015787223670272743
SKU0032,Electronics & Appliances,2025-10-21,30,0.5844155844155844,DEMAND DROP,-0.0015707688148316468
SKU0073,Fashion & Apparel,2024-01-09,339,1.5694444444444444,DEMAND SPIKE,-0.0015387367387966755
SKU0077,Home & Kitchen,2025-10-07,631,1.4335478985232866,DEMAND SPIKE,-0.0015191357956508833
SKU0111,Beauty & Personal Care,2025-12-23,375,1.4715500327011117,DEMAND SPIKE,-0.0015104526633771265
SKU0006,Mobiles & Accessories,2025-01-14,304,1.6521739130434783,DEMAND SPIKE,-0.0014818419408081374
SKU0033,Electronics & Appliances,2025-12-23,92,1.5040871934604905,DEMAND SPIKE,-0.0014453817719281004
SKU0133,Grocery & Essentials,2025-06-03,320,1.2229299363057324,DEMAND SPIKE,-0.0014103676540500043
SKU0067,Fashion & Apparel,2025-12-23,274,1.4221453287197232,DEMAND SPIKE,-0.0013977610869727597
SKU0018,Mobiles & Accessories,2025-10-07,390,1.3456009200690053,DEMAND SPIKE,-0.0013483434942525019
SKU0003,Mobiles & Accessories,2025-12-23,509,1.5059171597633136,DEMAND SPIKE,-0.0013322546844789507
SKU0050,Fashion & Apparel,2024-05-28,518,1.2422062350119905,DEMAND SPIKE,-0.001321951366189844
SKU0123,Beauty & Personal Care,2024-10-08,267,1.5908639523336643,DEMAND SPIKE,-0.0012952635647819344
SKU0071,Fashion & Apparel,2025-12-23,608,1.4847374847374848,DEMAND SPIKE,-0.0012936880514938798
SKU0067,Fashion & Apparel,2025-11-04,164,0.6482213438735178,DEMAND DROP,-0.0012860406627364096
SKU0074,Fashion & Apparel,2024-12-24,180,1.7252396166134185,DEMAND SPIKE,-0.0012492929271273878
SKU0127,Beauty & Personal Care,2025-01-14,403,1.5610071013557132,DEMAND SPIKE,-0.0012324024929259991
SKU0063,Fashion & Apparel,2024-10-08,1043,1.6459758022093636,DEMAND SPIKE,-0.0012173666785092463
SKU0077,Home & Kitchen,2024-10-29,252,0.6146341463414634,DEMAND DROP,-0.0011553909178781963
SKU0029,Electronics & Appliances,2025-12-23,199,1.5133079847908746,DEMAND SPIKE,-0.0011346386586414958
SKU0057,Fashion & Apparel,2024-05-28,194,1.3093363329583803,DEMAND SPIKE,-0.0011304849619070412
SKU0058,Fashion & Apparel,2025-10-07,664,1.359726962457338,DEMAND SPIKE,-0.0011296131701706846
SKU0080,Home & Kitchen,2025-01-14,424,1.5334538878842676,DEMAND SPIKE,-0.0010540938295275915
SKU0132,Grocery & Essentials,2025-01-14,367,1.514442916093535,DEMAND SPIKE,-0.0009945080080868696
SKU0044,Fashion & Apparel,2024-05-28,155,1.3304721030042919,DEMAND SPIKE,-0.0009768177166286085
SKU0056,Fashion & Apparel,2024-10-15,162,0.6390532544378699,DEMAND DROP,-0.0009722491643715525
SKU0088,Home & Kitchen,2024-01-16,188,1.7529137529137528,DEMAND SPIKE,-0.0009721349082177921
SKU0117,Beauty & Personal Care,2025-12-23,311,1.5746835443037974,DEMAND SPIKE,-0.000971165718037792
SKU0031,Electronics & Appliances,2025-12-23,204,1.520496894409938,DEMAND SPIKE,-0.0009377082900605682
SKU0001,Mobiles & Accessories,2024-01-09,329,1.604878048780488,DEMAND SPIKE,-0.00089576296674021
SKU0047,Fashion & Apparel,2024-12-24,391,1.6382681564245811,DEMAND SPIKE,-0.0008950484441443418
SKU0086,Home & Kitchen,2024-01-16,258,1.7979094076655053,DEMAND SPIKE,-0.0008911006253785603
SKU0079,Home & Kitchen,2025-12-23,109,1.5,DEMAND SPIKE,-0.0008769617807031782
SKU0051,Fashion & Apparel,2025-10-07,1045,1.381665932128691,DEMAND SPIKE,-0.0008739943544830986
SKU0101,Home & Kitchen,2024-05-28,285,1.290566037735849,DEMAND SPIKE,-0.0008382802932599409
SKU0124,Beauty & Personal Care,2024-05-28,505,1.2257281553398058,DEMAND SPIKE,-0.0007544182722967196
SKU0059,Fashion & Apparel,2025-10-21,285,0.6443104747550867,DEMAND DROP,-0.0007479597952071426
SKU0120,Beauty & Personal Care,2025-10-07,533,1.4050966608084359,DEMAND SPIKE,-0.0007390430086756661
SKU0036,Electronics & Appliances,2025-11-04,76,0.5984251968503937,DEMAND DROP,-0.0007248212614945349
SKU0076,Home & Kitchen,2024-10-22,207,0.6519685039370079,DEMAND DROP,-0.0006818719894267078
SKU0082,Home & Kitchen,2024-05-28,125,1.3686131386861315,DEMAND SPIKE,-0.0006794861513367279
SKU0068,Fashion & Apparel,2024-05-28,527,1.2414605418138986,DEMAND SPIKE,-0.000663311061596561
SKU0110,Beauty & Personal Care,2024-10-08,365,1.6781609195402298,DEMAND SPIKE,-0.0006626311464762447
SKU0144,Grocery & Essentials,2024-10-15,393,0.6610597140454163,DEMAND DROP,-0.0006597480865987437
SKU0011,Mobiles & Accessories,2024-10-08,245,1.5522703273495246,DEMAND SPIKE,-0.0006512430145990677
SKU0142,Grocery & Essentials,2024-12-24,985,1.5908479138627187,DEMAND SPIKE,-0.0005967899020715706
SKU0049,Fashion & Apparel,2025-10-21,424,0.6529774127310061,DEMAND DROP,-0.000595673532817087
SKU0107,Beauty & Personal Care,2024-12-24,640,1.5770020533880904,DEMAND SPIKE,-0.0005674503242807383
SKU0118,Beauty & Personal Care,2025-12-23,588,1.526611856339247,DEMAND SPIKE,-0.0005409255685416836
SKU0097,Home & Kitchen,2025-01-14,97,1.4923076923076923,DEMAND SPIKE,-0.0005079796937815795
SKU0039,Electronics & Appliances,2025-12-30,46,0.5082872928176796,DEMAND DROP,-0.0005078096338573257
SKU0016,Mobiles & Accessories,2025-12-23,144,1.5680580762250456,DEMAND SPIKE,-0.000507658735023897
SKU0129,Beauty & Personal Care,2025-01-14,751,1.5316111488783142,DEMAND SPIKE,-0.0005023995329894726
SKU0094,Home & Kitchen,2024-10-22,142,0.6306439674315322,DEMAND DROP,-0.0004992964480484696
SKU0047,Fashion & Apparel,2024-10-08,487,1.618836565096953,DEMAND SPIKE,-0.0004920594531225841
SKU0073,Fashion & Apparel,2024-10-29,262,0.6067155538402161,DEMAND DROP,-0.0004758801509148203
SKU0075,Fashion & Apparel,2024-12-24,598,1.6154885186852768,DEMAND SPIKE,-0.00046804818092727185
SKU0012,Mobiles & Accessories,2025-10-07,218,1.329268292682927,DEMAND SPIKE,-0.0004672361298952987
SKU0126,Beauty & Personal Care,2024-05-28,358,1.240901213171577,DEMAND SPIKE,-0.00043632690905315297
SKU0008,Mobiles & Accessories,2025-01-14,488,1.5242061426340447,DEMAND SPIKE,-0.0004272792872406228
SKU0069,Fashion & Apparel,2024-01-09,280,1.5080789946140036,DEMAND SPIKE,-0.0004150091027025349
SKU0105,Home & Kitchen,2025-05-27,263,1.2829268292682927,DEMAND SPIKE,-0.00040456836152136244
SKU0102,Home & Kitchen,2024-10-08,480,1.592920353982301,DEMAND SPIKE,-0.0004043016335284477
SKU0128,Beauty & Personal Care,2025-01-14,774,1.534699272967614,DEMAND SPIKE,-0.00039675632315838705
SKU0055,Fashion & Apparel,2025-12-23,238,1.5955307262569833,DEMAND SPIKE,-0.0003813941866275261
SKU0072,Fashion & Apparel,2024-12-24,660,1.5462709878953536,DEMAND SPIKE,-0.0003585787659520223
SKU0078,Home & Kitchen,2024-10-15,44,0.6082949308755761,DEMAND DROP,-0.00033969622501495156
SKU0150,Grocery & Essentials,2025-12-23,440,1.4394765539803707,DEMAND SPIKE,-0.00033758775155934284
SKU0021,Electronics & Appliances,2024-10-15,68,0.602658788774003,DEMAND DROP,-0.0003287071472991565
SKU0149,Grocery & Essentials,2024-10-08,1017,1.6363636363636365,DEMAND SPIKE,-0.0003242691962203059
SKU0052,Fashion & Apparel,2024-12-24,598,1.5911308203991132,DEMAND SPIKE,-0.0003191559210558026
SKU0115,Beauty & Personal Care,2024-01-09,183,1.4679144385026737,DEMAND SPIKE,-0.0002852100425605464
SKU0096,Home & Kitchen,2025-01-14,421,1.5946969696969697,DEMAND SPIKE,-0.0002565218926330326
SKU0098,Home & Kitchen,2024-10-08,590,1.583184257602862,DEMAND SPIKE,-0.00021943512570010704
SKU0121,Beauty & Personal Care,2024-05-28,310,1.2285336856010567,DEMAND SPIKE,-0.00016854015574019332
SKU0058,Fashion & Apparel,2025-12-23,562,1.469281045751634,DEMAND SPIKE,-0.00013704941851799823
SKU0026,Electronics & Appliances,2024-10-08,89,1.5127478753541075,DEMAND SPIKE,-0.00011649080701148229
SKU0005,Mobiles & Accessories,2025-10-28,111,0.6271186440677966,DEMAND DROP,-0.00011263222065349687
SKU0025,Electronics & Appliances,2024-10-15,119,0.6363636363636364,DEMAND DROP,-0.00010227096571924221
SKU0010,Mobiles & Accessories,2024-12-24,233,1.581447963800905,DEMAND SPIKE,-9.676137689862419e-05
SKU0027,Electronics & Appliances,2025-10-07,102,1.5299999999999998,DEMAND SPIKE,-9.142292081176784e-05
SKU0019,Mobiles & Accessories,2024-12-24,133,1.6319018404907975,DEMAND SPIKE,-9.050162566903719e-05
SKU0119,Beauty & Personal Care,2024-12-24,396,1.6803394625176804,DEMAND SPIKE,-8.841479273524744e-05
SKU0045,Fashion & Apparel,2024-12-24,684,1.5211267605633803,DEMAND SPIKE,-8.760243802374834e-05
SKU0004,Mobiles & Accessories,2024-11-05,71,0.5803814713896458,DEMAND DROP,-8.117709173527388e-05
SKU0066,Fashion & Apparel,2025-12-23,853,1.5092892951931585,DEMAND SPIKE,-7.954127936271593e-05
SKU0116,Beauty & Personal Care,2025-06-03,267,1.3034987794955248,DEMAND SPIKE,-6.867291129397657e-05
SKU0108,Beauty & Personal Care,2025-12-23,727,1.5815808556925308,DEMAND SPIKE,-5.3581714169137484e-05
SKU0070,Fashion & Apparel,2025-10-07,392,1.2972972972972971,DEMAND SPIKE,-4.8597779201409175e-05
SKU0046,Fashion & Apparel,2025-12-23,585,1.4456342668863262,DEMAND SPIKE,-4.781475086512721e-05
SKU0125,Beauty & Personal Care,2025-10-07,419,1.45066358915176,DEMAND SPIKE,-3.6463396818509075e-05
SKU0030,Electronics & Appliances,2025-10-14,58,0.6304347826086957,DEMAND DROP,-2.632693730275637e-05
SKU0092,Home & Kitchen,2025-10-07,368,1.4848688634835239,DEMAND SPIKE,-2.117099072518336e-05
SKU0023,Electronics & Appliances,2024-12-24,169,1.548091603053435,DEMAND SPIKE,-2.0810334468546188e-05
